"Source","Destination","Bytes","LastWriteTime"
"C:\Users\sinek\.codex\archived_sessions\rollout-2026-05-06T04-25-28-019dfb1a-c1d4-76c3-8785-185c2b5bf3d5.jsonl","C:\Users\sinek\Desktop\maxi-trouvaille\business-maxi-trouvailles\rapatriement-jarvis-20260609-181603\sessions-codex\rollout-2026-05-06T04-25-28-019dfb1a-c1d4-76c3-8785-185c2b5bf3d5.jsonl","427799","06/05/2026 04:31:38"
"C:\Users\sinek\.codex\archived_sessions\rollout-2026-05-06T05-55-28-019dfb6d-2778-7be0-a163-ce0f4812117d.jsonl","C:\Users\sinek\Desktop\maxi-trouvaille\business-maxi-trouvailles\rapatriement-jarvis-20260609-181603\sessions-codex\rollout-2026-05-06T05-55-28-019dfb6d-2778-7be0-a163-ce0f4812117d.jsonl","554928","06/05/2026 06:06:14"
"C:\Users\sinek\.codex\archived_sessions\rollout-2026-05-06T07-25-29-019dfbbf-925b-7211-b2e8-50de8dcb60ad.jsonl","C:\Users\sinek\Desktop\maxi-trouvaille\business-maxi-trouvailles\rapatriement-jarvis-20260609-181603\sessions-codex\rollout-2026-05-06T07-25-29-019dfbbf-925b-7211-b2e8-50de8dcb60ad.jsonl","351956","06/05/2026 07:35:13"
"C:\Users\sinek\.codex\archived_sessions\rollout-2026-05-06T10-07-35-019dfc53-faa2-76a2-b2f7-69f72b0e5ff8.jsonl","C:\Users\sinek\Desktop\maxi-trouvaille\business-maxi-trouvailles\rapatriement-jarvis-20260609-181603\sessions-codex\rollout-2026-05-06T10-07-35-019dfc53-faa2-76a2-b2f7-69f72b0e5ff8.jsonl","458004","06/05/2026 10:20:48"
"C:\Users\sinek\.codex\archived_sessions\rollout-2026-05-06T11-38-00-019dfca6-c18d-7101-a784-e4901614bb5a.jsonl","C:\Users\sinek\Desktop\maxi-trouvaille\business-maxi-trouvailles\rapatriement-jarvis-20260609-181603\sessions-codex\rollout-2026-05-06T11-38-00-019dfca6-c18d-7101-a784-e4901614bb5a.jsonl","267322","06/05/2026 11:41:27"
"C:\Users\sinek\.codex\archived_sessions\rollout-2026-05-06T13-08-02-019dfcf9-3003-7921-a9b6-6c6fe68eae53.jsonl","C:\Users\sinek\Desktop\maxi-trouvaille\business-maxi-trouvailles\rapatriement-jarvis-20260609-181603\sessions-codex\rollout-2026-05-06T13-08-02-019dfcf9-3003-7921-a9b6-6c6fe68eae53.jsonl","238599","06/05/2026 13:10:45"
"C:\Users\sinek\.codex\archived_sessions\rollout-2026-05-06T14-38-04-019dfd4b-9ecb-7dd1-934f-02b8f948f8cb.jsonl","C:\Users\sinek\Desktop\maxi-trouvaille\business-maxi-trouvailles\rapatriement-jarvis-20260609-181603\sessions-codex\rollout-2026-05-06T14-38-04-019dfd4b-9ecb-7dd1-934f-02b8f948f8cb.jsonl","282420","06/05/2026 14:42:30"
"C:\Users\sinek\.codex\archived_sessions\rollout-2026-05-06T16-08-04-019dfd9e-045b-7442-8e3e-d54b36b3efdc.jsonl","C:\Users\sinek\Desktop\maxi-trouvaille\business-maxi-trouvailles\rapatriement-jarvis-20260609-181603\sessions-codex\rollout-2026-05-06T16-08-04-019dfd9e-045b-7442-8e3e-d54b36b3efdc.jsonl","324912","06/05/2026 16:12:41"
"C:\Users\sinek\.codex\archived_sessions\rollout-2026-05-06T17-38-06-019dfdf0-717c-7451-aa2a-f7c50139cd37.jsonl","C:\Users\sinek\Desktop\maxi-trouvaille\business-maxi-trouvailles\rapatriement-jarvis-20260609-181603\sessions-codex\rollout-2026-05-06T17-38-06-019dfdf0-717c-7451-aa2a-f7c50139cd37.jsonl","341804","06/05/2026 17:43:22"
"C:\Users\sinek\.codex\automations\maxi-trouvailles-couche-par-couche\automation.toml","C:\Users\sinek\Desktop\maxi-trouvaille\business-maxi-trouvailles\rapatriement-jarvis-20260609-181603\sessions-codex\automations\maxi-trouvailles-couche-par-couche\automation.toml","2609","09/06/2026 07:30:44"
"C:\Users\sinek\.codex\automations\maxi-trouvailles-vid-o-tiktok-toutes-les-2h\automation.toml","C:\Users\sinek\Desktop\maxi-trouvaille\business-maxi-trouvailles\rapatriement-jarvis-20260609-181603\sessions-codex\automations\maxi-trouvailles-vid-o-tiktok-toutes-les-2h\automation.toml","1966","06/05/2026 17:57:43"
"C:\Users\sinek\.codex\automations\maxi-trouvailles-vid-o-tiktok-toutes-les-2h\memory.md","C:\Users\sinek\Desktop\maxi-trouvaille\business-maxi-trouvailles\rapatriement-jarvis-20260609-181603\sessions-codex\automations\maxi-trouvailles-vid-o-tiktok-toutes-les-2h\memory.md","604","06/05/2026 17:43:05"
"C:\Users\sinek\.codex\sessions\2026\05\01\rollout-2026-05-01T15-40-45-019de3c5-338b-72c3-af75-1318b9f3b0a1.jsonl","C:\Users\sinek\Desktop\maxi-trouvaille\business-maxi-trouvailles\rapatriement-jarvis-20260609-181603\sessions-codex\rollout-2026-05-01T15-40-45-019de3c5-338b-72c3-af75-1318b9f3b0a1.jsonl","5821728","02/05/2026 04:25:18"
"C:\Users\sinek\.codex\sessions\2026\05\05\rollout-2026-05-05T08-26-02-019df6d0-a79a-7123-a07f-285e1520b024.jsonl","C:\Users\sinek\Desktop\maxi-trouvaille\business-maxi-trouvailles\rapatriement-jarvis-20260609-181603\sessions-codex\rollout-2026-05-05T08-26-02-019df6d0-a79a-7123-a07f-285e1520b024.jsonl","2155013","05/05/2026 08:47:36"
"C:\Users\sinek\.codex\sessions\2026\05\12\rollout-2026-05-12T14-10-28-019e1c18-82b7-7fb0-8793-c90f2b9cb2e1.jsonl","C:\Users\sinek\Desktop\maxi-trouvaille\business-maxi-trouvailles\rapatriement-jarvis-20260609-181603\sessions-codex\rollout-2026-05-12T14-10-28-019e1c18-82b7-7fb0-8793-c90f2b9cb2e1.jsonl","193248016","09/06/2026 18:18:17"
"C:\Users\sinek\Desktop\jarvice\CODEX_UPGRADE_REPORT.md","C:\Users\sinek\Desktop\maxi-trouvaille\business-maxi-trouvailles\rapatriement-jarvis-20260609-181603\jarvis-tech-enclair\jarvice\CODEX_UPGRADE_REPORT.md","9794","05/06/2026 15:03:17"
"C:\Users\sinek\Desktop\Jarvis-TechEnClair\app\config\jarvis_parallel_chantiers.json","C:\Users\sinek\Desktop\maxi-trouvaille\business-maxi-trouvailles\rapatriement-jarvis-20260609-181603\jarvis-tech-enclair\app\config\jarvis_parallel_chantiers.json","14362","09/06/2026 10:14:30"
"C:\Users\sinek\Desktop\Jarvis-TechEnClair\app\docs\JARVIS_BUSINESS_API_TODO.md","C:\Users\sinek\Desktop\maxi-trouvaille\business-maxi-trouvailles\rapatriement-jarvis-20260609-181603\jarvis-tech-enclair\app\docs\JARVIS_BUSINESS_API_TODO.md","743","09/06/2026 18:00:59"
"C:\Users\sinek\Desktop\Jarvis-TechEnClair\app\jarvis_parallel_chantiers.py","C:\Users\sinek\Desktop\maxi-trouvaille\business-maxi-trouvailles\rapatriement-jarvis-20260609-181603\jarvis-tech-enclair\app\jarvis_parallel_chantiers.py","35213","09/06/2026 18:15:11"
"C:\Users\sinek\Desktop\Jarvis-TechEnClair\app\logs\jarvis_business_action_preview_regression.json","C:\Users\sinek\Desktop\maxi-trouvaille\business-maxi-trouvailles\rapatriement-jarvis-20260609-181603\jarvis-tech-enclair\app\logs\jarvis_business_action_preview_regression.json","1906","24/05/2026 08:57:04"
"C:\Users\sinek\Desktop\Jarvis-TechEnClair\app\logs\jarvis_business_action_preview_regression.txt","C:\Users\sinek\Desktop\maxi-trouvaille\business-maxi-trouvailles\rapatriement-jarvis-20260609-181603\jarvis-tech-enclair\app\logs\jarvis_business_action_preview_regression.txt","550","24/05/2026 08:57:04"
"C:\Users\sinek\Desktop\Jarvis-TechEnClair\app\logs\jarvis_business_action_preview.json","C:\Users\sinek\Desktop\maxi-trouvaille\business-maxi-trouvailles\rapatriement-jarvis-20260609-181603\jarvis-tech-enclair\app\logs\jarvis_business_action_preview.json","2435","05/06/2026 16:08:02"
"C:\Users\sinek\Desktop\Jarvis-TechEnClair\app\logs\jarvis_business_action_preview.txt","C:\Users\sinek\Desktop\maxi-trouvaille\business-maxi-trouvailles\rapatriement-jarvis-20260609-181603\jarvis-tech-enclair\app\logs\jarvis_business_action_preview.txt","1468","05/06/2026 16:08:02"
"C:\Users\sinek\Desktop\Jarvis-TechEnClair\app\logs\jarvis_business_ads_preview_regression.json","C:\Users\sinek\Desktop\maxi-trouvaille\business-maxi-trouvailles\rapatriement-jarvis-20260609-181603\jarvis-tech-enclair\app\logs\jarvis_business_ads_preview_regression.json","1340","31/05/2026 05:09:12"
"C:\Users\sinek\Desktop\Jarvis-TechEnClair\app\logs\jarvis_business_ads_preview_regression.txt","C:\Users\sinek\Desktop\maxi-trouvaille\business-maxi-trouvailles\rapatriement-jarvis-20260609-181603\jarvis-tech-enclair\app\logs\jarvis_business_ads_preview_regression.txt","1146","31/05/2026 05:09:12"
"C:\Users\sinek\Desktop\Jarvis-TechEnClair\app\logs\jarvis_business_ads_preview.json","C:\Users\sinek\Desktop\maxi-trouvaille\business-maxi-trouvailles\rapatriement-jarvis-20260609-181603\jarvis-tech-enclair\app\logs\jarvis_business_ads_preview.json","4926","09/06/2026 18:00:59"
"C:\Users\sinek\Desktop\Jarvis-TechEnClair\app\logs\jarvis_business_ads_preview.md","C:\Users\sinek\Desktop\maxi-trouvaille\business-maxi-trouvailles\rapatriement-jarvis-20260609-181603\jarvis-tech-enclair\app\logs\jarvis_business_ads_preview.md","3063","09/06/2026 18:00:59"
"C:\Users\sinek\Desktop\Jarvis-TechEnClair\app\logs\jarvis_business_ads_preview.txt","C:\Users\sinek\Desktop\maxi-trouvaille\business-maxi-trouvailles\rapatriement-jarvis-20260609-181603\jarvis-tech-enclair\app\logs\jarvis_business_ads_preview.txt","961","09/06/2026 18:00:59"
"C:\Users\sinek\Desktop\Jarvis-TechEnClair\app\logs\jarvis_business_ads_script_export_regression.json","C:\Users\sinek\Desktop\maxi-trouvaille\business-maxi-trouvailles\rapatriement-jarvis-20260609-181603\jarvis-tech-enclair\app\logs\jarvis_business_ads_script_export_regression.json","1393","24/05/2026 10:10:30"
"C:\Users\sinek\Desktop\Jarvis-TechEnClair\app\logs\jarvis_business_ads_script_export_regression.txt","C:\Users\sinek\Desktop\maxi-trouvaille\business-maxi-trouvailles\rapatriement-jarvis-20260609-181603\jarvis-tech-enclair\app\logs\jarvis_business_ads_script_export_regression.txt","1228","24/05/2026 10:10:30"
"C:\Users\sinek\Desktop\Jarvis-TechEnClair\app\logs\jarvis_business_ads_script_export.json","C:\Users\sinek\Desktop\maxi-trouvaille\business-maxi-trouvailles\rapatriement-jarvis-20260609-181603\jarvis-tech-enclair\app\logs\jarvis_business_ads_script_export.json","1839","05/06/2026 16:08:03"
"C:\Users\sinek\Desktop\Jarvis-TechEnClair\app\logs\jarvis_business_ads_script_export.txt","C:\Users\sinek\Desktop\maxi-trouvaille\business-maxi-trouvailles\rapatriement-jarvis-20260609-181603\jarvis-tech-enclair\app\logs\jarvis_business_ads_script_export.txt","1413","05/06/2026 16:08:03"
"C:\Users\sinek\Desktop\Jarvis-TechEnClair\app\logs\jarvis_business_api_todo_regression.json","C:\Users\sinek\Desktop\maxi-trouvaille\business-maxi-trouvailles\rapatriement-jarvis-20260609-181603\jarvis-tech-enclair\app\logs\jarvis_business_api_todo_regression.json","969","24/05/2026 09:07:04"
"C:\Users\sinek\Desktop\Jarvis-TechEnClair\app\logs\jarvis_business_api_todo_regression.txt","C:\Users\sinek\Desktop\maxi-trouvaille\business-maxi-trouvailles\rapatriement-jarvis-20260609-181603\jarvis-tech-enclair\app\logs\jarvis_business_api_todo_regression.txt","799","24/05/2026 09:07:04"
"C:\Users\sinek\Desktop\Jarvis-TechEnClair\app\logs\jarvis_business_api_todo.json","C:\Users\sinek\Desktop\maxi-trouvaille\business-maxi-trouvailles\rapatriement-jarvis-20260609-181603\jarvis-tech-enclair\app\logs\jarvis_business_api_todo.json","1635","09/06/2026 18:00:59"
"C:\Users\sinek\Desktop\Jarvis-TechEnClair\app\logs\jarvis_business_api_todo.txt","C:\Users\sinek\Desktop\maxi-trouvaille\business-maxi-trouvailles\rapatriement-jarvis-20260609-181603\jarvis-tech-enclair\app\logs\jarvis_business_api_todo.txt","711","09/06/2026 18:00:59"
"C:\Users\sinek\Desktop\Jarvis-TechEnClair\app\logs\jarvis_business_candidate_board_regression.json","C:\Users\sinek\Desktop\maxi-trouvaille\business-maxi-trouvailles\rapatriement-jarvis-20260609-181603\jarvis-tech-enclair\app\logs\jarvis_business_candidate_board_regression.json","1250","24/05/2026 22:26:51"
"C:\Users\sinek\Desktop\Jarvis-TechEnClair\app\logs\jarvis_business_candidate_board_regression.txt","C:\Users\sinek\Desktop\maxi-trouvaille\business-maxi-trouvailles\rapatriement-jarvis-20260609-181603\jarvis-tech-enclair\app\logs\jarvis_business_candidate_board_regression.txt","974","24/05/2026 22:26:51"
"C:\Users\sinek\Desktop\Jarvis-TechEnClair\app\logs\jarvis_business_candidate_board.html","C:\Users\sinek\Desktop\maxi-trouvaille\business-maxi-trouvailles\rapatriement-jarvis-20260609-181603\jarvis-tech-enclair\app\logs\jarvis_business_candidate_board.html","5542","09/06/2026 18:00:59"
"C:\Users\sinek\Desktop\Jarvis-TechEnClair\app\logs\jarvis_business_candidate_board.json","C:\Users\sinek\Desktop\maxi-trouvaille\business-maxi-trouvailles\rapatriement-jarvis-20260609-181603\jarvis-tech-enclair\app\logs\jarvis_business_candidate_board.json","9956","09/06/2026 18:00:59"
"C:\Users\sinek\Desktop\Jarvis-TechEnClair\app\logs\jarvis_business_candidate_board.txt","C:\Users\sinek\Desktop\maxi-trouvaille\business-maxi-trouvailles\rapatriement-jarvis-20260609-181603\jarvis-tech-enclair\app\logs\jarvis_business_candidate_board.txt","1869","09/06/2026 18:00:59"
"C:\Users\sinek\Desktop\Jarvis-TechEnClair\app\logs\jarvis_business_category_map_regression.json","C:\Users\sinek\Desktop\maxi-trouvaille\business-maxi-trouvailles\rapatriement-jarvis-20260609-181603\jarvis-tech-enclair\app\logs\jarvis_business_category_map_regression.json","1095","24/05/2026 09:41:58"
"C:\Users\sinek\Desktop\Jarvis-TechEnClair\app\logs\jarvis_business_category_map_regression.txt","C:\Users\sinek\Desktop\maxi-trouvaille\business-maxi-trouvailles\rapatriement-jarvis-20260609-181603\jarvis-tech-enclair\app\logs\jarvis_business_category_map_regression.txt","935","24/05/2026 09:41:58"
"C:\Users\sinek\Desktop\Jarvis-TechEnClair\app\logs\jarvis_business_category_map.json","C:\Users\sinek\Desktop\maxi-trouvaille\business-maxi-trouvailles\rapatriement-jarvis-20260609-181603\jarvis-tech-enclair\app\logs\jarvis_business_category_map.json","5848","09/06/2026 18:00:59"
"C:\Users\sinek\Desktop\Jarvis-TechEnClair\app\logs\jarvis_business_category_map.txt","C:\Users\sinek\Desktop\maxi-trouvaille\business-maxi-trouvailles\rapatriement-jarvis-20260609-181603\jarvis-tech-enclair\app\logs\jarvis_business_category_map.txt","1572","09/06/2026 18:00:59"
"C:\Users\sinek\Desktop\Jarvis-TechEnClair\app\logs\jarvis_business_confirmation_barrier_regression.json","C:\Users\sinek\Desktop\maxi-trouvaille\business-maxi-trouvailles\rapatriement-jarvis-20260609-181603\jarvis-tech-enclair\app\logs\jarvis_business_confirmation_barrier_regression.json","1215","03/06/2026 18:22:32"
"C:\Users\sinek\Desktop\Jarvis-TechEnClair\app\logs\jarvis_business_confirmation_barrier_regression.txt","C:\Users\sinek\Desktop\maxi-trouvaille\business-maxi-trouvailles\rapatriement-jarvis-20260609-181603\jarvis-tech-enclair\app\logs\jarvis_business_confirmation_barrier_regression.txt","1058","03/06/2026 18:22:32"
"C:\Users\sinek\Desktop\Jarvis-TechEnClair\app\logs\jarvis_business_confirmation_barrier.json","C:\Users\sinek\Desktop\maxi-trouvaille\business-maxi-trouvailles\rapatriement-jarvis-20260609-181603\jarvis-tech-enclair\app\logs\jarvis_business_confirmation_barrier.json","4522","09/06/2026 18:00:59"
"C:\Users\sinek\Desktop\Jarvis-TechEnClair\app\logs\jarvis_business_confirmation_barrier.txt","C:\Users\sinek\Desktop\maxi-trouvaille\business-maxi-trouvailles\rapatriement-jarvis-20260609-181603\jarvis-tech-enclair\app\logs\jarvis_business_confirmation_barrier.txt","428","09/06/2026 18:00:59"
"C:\Users\sinek\Desktop\Jarvis-TechEnClair\app\logs\jarvis_business_dashboard_regression.json","C:\Users\sinek\Desktop\maxi-trouvaille\business-maxi-trouvailles\rapatriement-jarvis-20260609-181603\jarvis-tech-enclair\app\logs\jarvis_business_dashboard_regression.json","1845","08/06/2026 22:25:39"
"C:\Users\sinek\Desktop\Jarvis-TechEnClair\app\logs\jarvis_business_dashboard_regression.txt","C:\Users\sinek\Desktop\maxi-trouvaille\business-maxi-trouvailles\rapatriement-jarvis-20260609-181603\jarvis-tech-enclair\app\logs\jarvis_business_dashboard_regression.txt","1460","08/06/2026 22:25:39"
"C:\Users\sinek\Desktop\Jarvis-TechEnClair\app\logs\jarvis_business_dashboard.json","C:\Users\sinek\Desktop\maxi-trouvaille\business-maxi-trouvailles\rapatriement-jarvis-20260609-181603\jarvis-tech-enclair\app\logs\jarvis_business_dashboard.json","6177","09/06/2026 18:00:59"
"C:\Users\sinek\Desktop\Jarvis-TechEnClair\app\logs\jarvis_business_dashboard.txt","C:\Users\sinek\Desktop\maxi-trouvaille\business-maxi-trouvailles\rapatriement-jarvis-20260609-181603\jarvis-tech-enclair\app\logs\jarvis_business_dashboard.txt","1433","09/06/2026 18:00:59"
"C:\Users\sinek\Desktop\Jarvis-TechEnClair\app\logs\jarvis_business_execution_guard_regression.json","C:\Users\sinek\Desktop\maxi-trouvaille\business-maxi-trouvailles\rapatriement-jarvis-20260609-181603\jarvis-tech-enclair\app\logs\jarvis_business_execution_guard_regression.json","2676","08/06/2026 21:49:19"
"C:\Users\sinek\Desktop\Jarvis-TechEnClair\app\logs\jarvis_business_execution_guard_regression.txt","C:\Users\sinek\Desktop\maxi-trouvaille\business-maxi-trouvailles\rapatriement-jarvis-20260609-181603\jarvis-tech-enclair\app\logs\jarvis_business_execution_guard_regression.txt","1926","08/06/2026 21:49:19"
"C:\Users\sinek\Desktop\Jarvis-TechEnClair\app\logs\jarvis_business_execution_guard.json","C:\Users\sinek\Desktop\maxi-trouvaille\business-maxi-trouvailles\rapatriement-jarvis-20260609-181603\jarvis-tech-enclair\app\logs\jarvis_business_execution_guard.json","5165","09/06/2026 18:00:59"
"C:\Users\sinek\Desktop\Jarvis-TechEnClair\app\logs\jarvis_business_execution_guard.txt","C:\Users\sinek\Desktop\maxi-trouvaille\business-maxi-trouvailles\rapatriement-jarvis-20260609-181603\jarvis-tech-enclair\app\logs\jarvis_business_execution_guard.txt","1079","09/06/2026 18:00:59"
"C:\Users\sinek\Desktop\Jarvis-TechEnClair\app\logs\jarvis_business_fast_status_artifact_guard_regression.json","C:\Users\sinek\Desktop\maxi-trouvaille\business-maxi-trouvailles\rapatriement-jarvis-20260609-181603\jarvis-tech-enclair\app\logs\jarvis_business_fast_status_artifact_guard_regression.json","1531","08/06/2026 18:40:20"
"C:\Users\sinek\Desktop\Jarvis-TechEnClair\app\logs\jarvis_business_fast_status_artifact_guard_regression.txt","C:\Users\sinek\Desktop\maxi-trouvaille\business-maxi-trouvailles\rapatriement-jarvis-20260609-181603\jarvis-tech-enclair\app\logs\jarvis_business_fast_status_artifact_guard_regression.txt","1162","08/06/2026 18:40:20"
"C:\Users\sinek\Desktop\Jarvis-TechEnClair\app\logs\jarvis_business_fast_status_artifact_guard.json","C:\Users\sinek\Desktop\maxi-trouvaille\business-maxi-trouvailles\rapatriement-jarvis-20260609-181603\jarvis-tech-enclair\app\logs\jarvis_business_fast_status_artifact_guard.json","2395","08/06/2026 18:40:20"
"C:\Users\sinek\Desktop\Jarvis-TechEnClair\app\logs\jarvis_business_fast_status_artifact_guard.txt","C:\Users\sinek\Desktop\maxi-trouvaille\business-maxi-trouvailles\rapatriement-jarvis-20260609-181603\jarvis-tech-enclair\app\logs\jarvis_business_fast_status_artifact_guard.txt","876","08/06/2026 18:40:20"
"C:\Users\sinek\Desktop\Jarvis-TechEnClair\app\logs\jarvis_business_fast_status_health_check_tool_route_regression.json","C:\Users\sinek\Desktop\maxi-trouvaille\business-maxi-trouvailles\rapatriement-jarvis-20260609-181603\jarvis-tech-enclair\app\logs\jarvis_business_fast_status_health_check_tool_route_regression.json","1361","08/06/2026 18:55:51"
"C:\Users\sinek\Desktop\Jarvis-TechEnClair\app\logs\jarvis_business_fast_status_health_check_tool_route_regression.txt","C:\Users\sinek\Desktop\maxi-trouvaille\business-maxi-trouvailles\rapatriement-jarvis-20260609-181603\jarvis-tech-enclair\app\logs\jarvis_business_fast_status_health_check_tool_route_regression.txt","902","08/06/2026 18:55:51"
"C:\Users\sinek\Desktop\Jarvis-TechEnClair\app\logs\jarvis_business_fast_status_regression.json","C:\Users\sinek\Desktop\maxi-trouvaille\business-maxi-trouvailles\rapatriement-jarvis-20260609-181603\jarvis-tech-enclair\app\logs\jarvis_business_fast_status_regression.json","2173","08/06/2026 16:27:06"
"C:\Users\sinek\Desktop\Jarvis-TechEnClair\app\logs\jarvis_business_fast_status_regression.txt","C:\Users\sinek\Desktop\maxi-trouvaille\business-maxi-trouvailles\rapatriement-jarvis-20260609-181603\jarvis-tech-enclair\app\logs\jarvis_business_fast_status_regression.txt","1611","08/06/2026 16:27:06"
"C:\Users\sinek\Desktop\Jarvis-TechEnClair\app\logs\jarvis_business_fast_status.json","C:\Users\sinek\Desktop\maxi-trouvaille\business-maxi-trouvailles\rapatriement-jarvis-20260609-181603\jarvis-tech-enclair\app\logs\jarvis_business_fast_status.json","7190","09/06/2026 18:08:59"
"C:\Users\sinek\Desktop\Jarvis-TechEnClair\app\logs\jarvis_business_fast_status.txt","C:\Users\sinek\Desktop\maxi-trouvaille\business-maxi-trouvailles\rapatriement-jarvis-20260609-181603\jarvis-tech-enclair\app\logs\jarvis_business_fast_status.txt","1445","09/06/2026 18:08:59"
"C:\Users\sinek\Desktop\Jarvis-TechEnClair\app\logs\jarvis_business_handoff_gate_regression.json","C:\Users\sinek\Desktop\maxi-trouvaille\business-maxi-trouvailles\rapatriement-jarvis-20260609-181603\jarvis-tech-enclair\app\logs\jarvis_business_handoff_gate_regression.json","3385","08/06/2026 19:40:20"
"C:\Users\sinek\Desktop\Jarvis-TechEnClair\app\logs\jarvis_business_handoff_gate_regression.txt","C:\Users\sinek\Desktop\maxi-trouvaille\business-maxi-trouvailles\rapatriement-jarvis-20260609-181603\jarvis-tech-enclair\app\logs\jarvis_business_handoff_gate_regression.txt","2835","08/06/2026 19:40:20"
"C:\Users\sinek\Desktop\Jarvis-TechEnClair\app\logs\jarvis_business_handoff_gate.json","C:\Users\sinek\Desktop\maxi-trouvaille\business-maxi-trouvailles\rapatriement-jarvis-20260609-181603\jarvis-tech-enclair\app\logs\jarvis_business_handoff_gate.json","5716","09/06/2026 18:00:59"
"C:\Users\sinek\Desktop\Jarvis-TechEnClair\app\logs\jarvis_business_handoff_gate.txt","C:\Users\sinek\Desktop\maxi-trouvaille\business-maxi-trouvailles\rapatriement-jarvis-20260609-181603\jarvis-tech-enclair\app\logs\jarvis_business_handoff_gate.txt","1232","09/06/2026 18:00:59"
"C:\Users\sinek\Desktop\Jarvis-TechEnClair\app\logs\jarvis_business_import_gate_regression.json","C:\Users\sinek\Desktop\maxi-trouvaille\business-maxi-trouvailles\rapatriement-jarvis-20260609-181603\jarvis-tech-enclair\app\logs\jarvis_business_import_gate_regression.json","1246","03/06/2026 18:22:29"
"C:\Users\sinek\Desktop\Jarvis-TechEnClair\app\logs\jarvis_business_import_gate_regression.txt","C:\Users\sinek\Desktop\maxi-trouvaille\business-maxi-trouvailles\rapatriement-jarvis-20260609-181603\jarvis-tech-enclair\app\logs\jarvis_business_import_gate_regression.txt","1084","03/06/2026 18:22:29"
"C:\Users\sinek\Desktop\Jarvis-TechEnClair\app\logs\jarvis_business_import_gate.json","C:\Users\sinek\Desktop\maxi-trouvaille\business-maxi-trouvailles\rapatriement-jarvis-20260609-181603\jarvis-tech-enclair\app\logs\jarvis_business_import_gate.json","1457","09/06/2026 18:00:59"
"C:\Users\sinek\Desktop\Jarvis-TechEnClair\app\logs\jarvis_business_import_gate.txt","C:\Users\sinek\Desktop\maxi-trouvaille\business-maxi-trouvailles\rapatriement-jarvis-20260609-181603\jarvis-tech-enclair\app\logs\jarvis_business_import_gate.txt","749","09/06/2026 18:00:59"
"C:\Users\sinek\Desktop\Jarvis-TechEnClair\app\logs\jarvis_business_job_monitor_regression.json","C:\Users\sinek\Desktop\maxi-trouvaille\business-maxi-trouvailles\rapatriement-jarvis-20260609-181603\jarvis-tech-enclair\app\logs\jarvis_business_job_monitor_regression.json","1100","24/05/2026 09:28:11"
"C:\Users\sinek\Desktop\Jarvis-TechEnClair\app\logs\jarvis_business_job_monitor_regression.txt","C:\Users\sinek\Desktop\maxi-trouvaille\business-maxi-trouvailles\rapatriement-jarvis-20260609-181603\jarvis-tech-enclair\app\logs\jarvis_business_job_monitor_regression.txt","922","24/05/2026 09:28:11"
"C:\Users\sinek\Desktop\Jarvis-TechEnClair\app\logs\jarvis_business_job_monitor.json","C:\Users\sinek\Desktop\maxi-trouvaille\business-maxi-trouvailles\rapatriement-jarvis-20260609-181603\jarvis-tech-enclair\app\logs\jarvis_business_job_monitor.json","3690","09/06/2026 17:57:31"
"C:\Users\sinek\Desktop\Jarvis-TechEnClair\app\logs\jarvis_business_job_monitor.txt","C:\Users\sinek\Desktop\maxi-trouvaille\business-maxi-trouvailles\rapatriement-jarvis-20260609-181603\jarvis-tech-enclair\app\logs\jarvis_business_job_monitor.txt","2049","09/06/2026 17:57:31"
"C:\Users\sinek\Desktop\Jarvis-TechEnClair\app\logs\jarvis_business_job_singleflight_regression.json","C:\Users\sinek\Desktop\maxi-trouvaille\business-maxi-trouvailles\rapatriement-jarvis-20260609-181603\jarvis-tech-enclair\app\logs\jarvis_business_job_singleflight_regression.json","288","22/05/2026 20:42:56"
"C:\Users\sinek\Desktop\Jarvis-TechEnClair\app\logs\jarvis_business_job_singleflight_regression.txt","C:\Users\sinek\Desktop\maxi-trouvaille\business-maxi-trouvailles\rapatriement-jarvis-20260609-181603\jarvis-tech-enclair\app\logs\jarvis_business_job_singleflight_regression.txt","164","22/05/2026 20:42:56"
"C:\Users\sinek\Desktop\Jarvis-TechEnClair\app\logs\jarvis_business_latency_report_regression.json","C:\Users\sinek\Desktop\maxi-trouvaille\business-maxi-trouvailles\rapatriement-jarvis-20260609-181603\jarvis-tech-enclair\app\logs\jarvis_business_latency_report_regression.json","588","24/05/2026 01:12:00"
"C:\Users\sinek\Desktop\Jarvis-TechEnClair\app\logs\jarvis_business_latency_report_regression.txt","C:\Users\sinek\Desktop\maxi-trouvaille\business-maxi-trouvailles\rapatriement-jarvis-20260609-181603\jarvis-tech-enclair\app\logs\jarvis_business_latency_report_regression.txt","272","24/05/2026 01:12:00"
"C:\Users\sinek\Desktop\Jarvis-TechEnClair\app\logs\jarvis_business_latency_report.json","C:\Users\sinek\Desktop\maxi-trouvaille\business-maxi-trouvailles\rapatriement-jarvis-20260609-181603\jarvis-tech-enclair\app\logs\jarvis_business_latency_report.json","2741","05/06/2026 15:58:07"
"C:\Users\sinek\Desktop\Jarvis-TechEnClair\app\logs\jarvis_business_latency_report.txt","C:\Users\sinek\Desktop\maxi-trouvaille\business-maxi-trouvailles\rapatriement-jarvis-20260609-181603\jarvis-tech-enclair\app\logs\jarvis_business_latency_report.txt","825","05/06/2026 15:58:07"
"C:\Users\sinek\Desktop\Jarvis-TechEnClair\app\logs\jarvis_business_latest_review_regression.json","C:\Users\sinek\Desktop\maxi-trouvaille\business-maxi-trouvailles\rapatriement-jarvis-20260609-181603\jarvis-tech-enclair\app\logs\jarvis_business_latest_review_regression.json","1543","24/05/2026 21:32:43"
"C:\Users\sinek\Desktop\Jarvis-TechEnClair\app\logs\jarvis_business_latest_review_regression.txt","C:\Users\sinek\Desktop\maxi-trouvaille\business-maxi-trouvailles\rapatriement-jarvis-20260609-181603\jarvis-tech-enclair\app\logs\jarvis_business_latest_review_regression.txt","1333","24/05/2026 21:32:43"
"C:\Users\sinek\Desktop\Jarvis-TechEnClair\app\logs\jarvis_business_latest_review.html","C:\Users\sinek\Desktop\maxi-trouvaille\business-maxi-trouvailles\rapatriement-jarvis-20260609-181603\jarvis-tech-enclair\app\logs\jarvis_business_latest_review.html","5083","09/06/2026 18:00:59"
"C:\Users\sinek\Desktop\Jarvis-TechEnClair\app\logs\jarvis_business_latest_review.json","C:\Users\sinek\Desktop\maxi-trouvaille\business-maxi-trouvailles\rapatriement-jarvis-20260609-181603\jarvis-tech-enclair\app\logs\jarvis_business_latest_review.json","3841","09/06/2026 18:00:59"
"C:\Users\sinek\Desktop\Jarvis-TechEnClair\app\logs\jarvis_business_latest_review.txt","C:\Users\sinek\Desktop\maxi-trouvaille\business-maxi-trouvailles\rapatriement-jarvis-20260609-181603\jarvis-tech-enclair\app\logs\jarvis_business_latest_review.txt","1077","09/06/2026 18:00:59"
"C:\Users\sinek\Desktop\Jarvis-TechEnClair\app\logs\jarvis_business_latest_summary_regression.json","C:\Users\sinek\Desktop\maxi-trouvaille\business-maxi-trouvailles\rapatriement-jarvis-20260609-181603\jarvis-tech-enclair\app\logs\jarvis_business_latest_summary_regression.json","1152","24/05/2026 09:31:57"
"C:\Users\sinek\Desktop\Jarvis-TechEnClair\app\logs\jarvis_business_latest_summary_regression.txt","C:\Users\sinek\Desktop\maxi-trouvaille\business-maxi-trouvailles\rapatriement-jarvis-20260609-181603\jarvis-tech-enclair\app\logs\jarvis_business_latest_summary_regression.txt","939","24/05/2026 09:31:57"
"C:\Users\sinek\Desktop\Jarvis-TechEnClair\app\logs\jarvis_business_latest_summary.json","C:\Users\sinek\Desktop\maxi-trouvaille\business-maxi-trouvailles\rapatriement-jarvis-20260609-181603\jarvis-tech-enclair\app\logs\jarvis_business_latest_summary.json","3926","09/06/2026 17:57:31"
"C:\Users\sinek\Desktop\Jarvis-TechEnClair\app\logs\jarvis_business_latest_summary.txt","C:\Users\sinek\Desktop\maxi-trouvaille\business-maxi-trouvailles\rapatriement-jarvis-20260609-181603\jarvis-tech-enclair\app\logs\jarvis_business_latest_summary.txt","1276","09/06/2026 17:57:31"
"C:\Users\sinek\Desktop\Jarvis-TechEnClair\app\logs\jarvis_business_manual_validation_gate_regression.json","C:\Users\sinek\Desktop\maxi-trouvaille\business-maxi-trouvailles\rapatriement-jarvis-20260609-181603\jarvis-tech-enclair\app\logs\jarvis_business_manual_validation_gate_regression.json","3001","08/06/2026 21:56:00"
"C:\Users\sinek\Desktop\Jarvis-TechEnClair\app\logs\jarvis_business_manual_validation_gate_regression.txt","C:\Users\sinek\Desktop\maxi-trouvaille\business-maxi-trouvailles\rapatriement-jarvis-20260609-181603\jarvis-tech-enclair\app\logs\jarvis_business_manual_validation_gate_regression.txt","2549","08/06/2026 21:56:00"
"C:\Users\sinek\Desktop\Jarvis-TechEnClair\app\logs\jarvis_business_manual_validation_gate.json","C:\Users\sinek\Desktop\maxi-trouvaille\business-maxi-trouvailles\rapatriement-jarvis-20260609-181603\jarvis-tech-enclair\app\logs\jarvis_business_manual_validation_gate.json","6551","09/06/2026 18:00:59"
"C:\Users\sinek\Desktop\Jarvis-TechEnClair\app\logs\jarvis_business_manual_validation_gate.txt","C:\Users\sinek\Desktop\maxi-trouvaille\business-maxi-trouvailles\rapatriement-jarvis-20260609-181603\jarvis-tech-enclair\app\logs\jarvis_business_manual_validation_gate.txt","1547","09/06/2026 18:00:59"
"C:\Users\sinek\Desktop\Jarvis-TechEnClair\app\logs\jarvis_business_operating_mode_regression.json","C:\Users\sinek\Desktop\maxi-trouvaille\business-maxi-trouvailles\rapatriement-jarvis-20260609-181603\jarvis-tech-enclair\app\logs\jarvis_business_operating_mode_regression.json","1237","24/05/2026 09:02:05"
"C:\Users\sinek\Desktop\Jarvis-TechEnClair\app\logs\jarvis_business_operating_mode_regression.txt","C:\Users\sinek\Desktop\maxi-trouvaille\business-maxi-trouvailles\rapatriement-jarvis-20260609-181603\jarvis-tech-enclair\app\logs\jarvis_business_operating_mode_regression.txt","1024","24/05/2026 09:02:05"
"C:\Users\sinek\Desktop\Jarvis-TechEnClair\app\logs\jarvis_business_operating_mode.json","C:\Users\sinek\Desktop\maxi-trouvaille\business-maxi-trouvailles\rapatriement-jarvis-20260609-181603\jarvis-tech-enclair\app\logs\jarvis_business_operating_mode.json","1724","09/06/2026 18:00:59"
"C:\Users\sinek\Desktop\Jarvis-TechEnClair\app\logs\jarvis_business_operating_mode.txt","C:\Users\sinek\Desktop\maxi-trouvaille\business-maxi-trouvailles\rapatriement-jarvis-20260609-181603\jarvis-tech-enclair\app\logs\jarvis_business_operating_mode.txt","994","09/06/2026 18:00:59"
"C:\Users\sinek\Desktop\Jarvis-TechEnClair\app\logs\jarvis_business_pipeline_status_regression.json","C:\Users\sinek\Desktop\maxi-trouvaille\business-maxi-trouvailles\rapatriement-jarvis-20260609-181603\jarvis-tech-enclair\app\logs\jarvis_business_pipeline_status_regression.json","1232","03/06/2026 18:55:51"
"C:\Users\sinek\Desktop\Jarvis-TechEnClair\app\logs\jarvis_business_pipeline_status_regression.txt","C:\Users\sinek\Desktop\maxi-trouvaille\business-maxi-trouvailles\rapatriement-jarvis-20260609-181603\jarvis-tech-enclair\app\logs\jarvis_business_pipeline_status_regression.txt","912","03/06/2026 18:55:51"
"C:\Users\sinek\Desktop\Jarvis-TechEnClair\app\logs\jarvis_business_pipeline_status.json","C:\Users\sinek\Desktop\maxi-trouvaille\business-maxi-trouvailles\rapatriement-jarvis-20260609-181603\jarvis-tech-enclair\app\logs\jarvis_business_pipeline_status.json","1419","09/06/2026 17:57:31"
"C:\Users\sinek\Desktop\Jarvis-TechEnClair\app\logs\jarvis_business_pipeline_status.txt","C:\Users\sinek\Desktop\maxi-trouvaille\business-maxi-trouvailles\rapatriement-jarvis-20260609-181603\jarvis-tech-enclair\app\logs\jarvis_business_pipeline_status.txt","698","09/06/2026 17:57:31"
"C:\Users\sinek\Desktop\Jarvis-TechEnClair\app\logs\jarvis_business_product_preview_regression.json","C:\Users\sinek\Desktop\maxi-trouvaille\business-maxi-trouvailles\rapatriement-jarvis-20260609-181603\jarvis-tech-enclair\app\logs\jarvis_business_product_preview_regression.json","1324","24/05/2026 10:00:30"
"C:\Users\sinek\Desktop\Jarvis-TechEnClair\app\logs\jarvis_business_product_preview_regression.txt","C:\Users\sinek\Desktop\maxi-trouvaille\business-maxi-trouvailles\rapatriement-jarvis-20260609-181603\jarvis-tech-enclair\app\logs\jarvis_business_product_preview_regression.txt","1093","24/05/2026 10:00:30"
"C:\Users\sinek\Desktop\Jarvis-TechEnClair\app\logs\jarvis_business_product_preview.json","C:\Users\sinek\Desktop\maxi-trouvaille\business-maxi-trouvailles\rapatriement-jarvis-20260609-181603\jarvis-tech-enclair\app\logs\jarvis_business_product_preview.json","2942","09/06/2026 18:00:59"
"C:\Users\sinek\Desktop\Jarvis-TechEnClair\app\logs\jarvis_business_product_preview.md","C:\Users\sinek\Desktop\maxi-trouvaille\business-maxi-trouvailles\rapatriement-jarvis-20260609-181603\jarvis-tech-enclair\app\logs\jarvis_business_product_preview.md","1682","09/06/2026 18:00:59"
"C:\Users\sinek\Desktop\Jarvis-TechEnClair\app\logs\jarvis_business_product_preview.txt","C:\Users\sinek\Desktop\maxi-trouvaille\business-maxi-trouvailles\rapatriement-jarvis-20260609-181603\jarvis-tech-enclair\app\logs\jarvis_business_product_preview.txt","1105","09/06/2026 18:00:59"
"C:\Users\sinek\Desktop\Jarvis-TechEnClair\app\logs\jarvis_business_readiness_regression.json","C:\Users\sinek\Desktop\maxi-trouvaille\business-maxi-trouvailles\rapatriement-jarvis-20260609-181603\jarvis-tech-enclair\app\logs\jarvis_business_readiness_regression.json","1178","24/05/2026 08:45:34"
"C:\Users\sinek\Desktop\Jarvis-TechEnClair\app\logs\jarvis_business_readiness_regression.txt","C:\Users\sinek\Desktop\maxi-trouvaille\business-maxi-trouvailles\rapatriement-jarvis-20260609-181603\jarvis-tech-enclair\app\logs\jarvis_business_readiness_regression.txt","821","24/05/2026 08:45:34"
"C:\Users\sinek\Desktop\Jarvis-TechEnClair\app\logs\jarvis_business_readiness.json","C:\Users\sinek\Desktop\maxi-trouvaille\business-maxi-trouvailles\rapatriement-jarvis-20260609-181603\jarvis-tech-enclair\app\logs\jarvis_business_readiness.json","4545","09/06/2026 17:57:31"
"C:\Users\sinek\Desktop\Jarvis-TechEnClair\app\logs\jarvis_business_readiness.txt","C:\Users\sinek\Desktop\maxi-trouvaille\business-maxi-trouvailles\rapatriement-jarvis-20260609-181603\jarvis-tech-enclair\app\logs\jarvis_business_readiness.txt","985","09/06/2026 17:57:31"
"C:\Users\sinek\Desktop\Jarvis-TechEnClair\app\logs\jarvis_business_review_pack_regression.json","C:\Users\sinek\Desktop\maxi-trouvaille\business-maxi-trouvailles\rapatriement-jarvis-20260609-181603\jarvis-tech-enclair\app\logs\jarvis_business_review_pack_regression.json","1976","24/05/2026 10:30:05"
"C:\Users\sinek\Desktop\Jarvis-TechEnClair\app\logs\jarvis_business_review_pack_regression.txt","C:\Users\sinek\Desktop\maxi-trouvaille\business-maxi-trouvailles\rapatriement-jarvis-20260609-181603\jarvis-tech-enclair\app\logs\jarvis_business_review_pack_regression.txt","1728","24/05/2026 10:30:05"
"C:\Users\sinek\Desktop\Jarvis-TechEnClair\app\logs\jarvis_business_review_pack.json","C:\Users\sinek\Desktop\maxi-trouvaille\business-maxi-trouvailles\rapatriement-jarvis-20260609-181603\jarvis-tech-enclair\app\logs\jarvis_business_review_pack.json","2014","05/06/2026 16:08:03"
"C:\Users\sinek\Desktop\Jarvis-TechEnClair\app\logs\jarvis_business_review_pack.txt","C:\Users\sinek\Desktop\maxi-trouvaille\business-maxi-trouvailles\rapatriement-jarvis-20260609-181603\jarvis-tech-enclair\app\logs\jarvis_business_review_pack.txt","1568","05/06/2026 16:08:03"
"C:\Users\sinek\Desktop\Jarvis-TechEnClair\app\logs\jarvis_business_safe_next_step_regression.json","C:\Users\sinek\Desktop\maxi-trouvaille\business-maxi-trouvailles\rapatriement-jarvis-20260609-181603\jarvis-tech-enclair\app\logs\jarvis_business_safe_next_step_regression.json","3218","08/06/2026 22:11:06"
"C:\Users\sinek\Desktop\Jarvis-TechEnClair\app\logs\jarvis_business_safe_next_step_regression.txt","C:\Users\sinek\Desktop\maxi-trouvaille\business-maxi-trouvailles\rapatriement-jarvis-20260609-181603\jarvis-tech-enclair\app\logs\jarvis_business_safe_next_step_regression.txt","2726","08/06/2026 22:11:06"
"C:\Users\sinek\Desktop\Jarvis-TechEnClair\app\logs\jarvis_business_safe_next_step.json","C:\Users\sinek\Desktop\maxi-trouvaille\business-maxi-trouvailles\rapatriement-jarvis-20260609-181603\jarvis-tech-enclair\app\logs\jarvis_business_safe_next_step.json","10862","09/06/2026 15:43:21"
"C:\Users\sinek\Desktop\Jarvis-TechEnClair\app\logs\jarvis_business_safe_next_step.txt","C:\Users\sinek\Desktop\maxi-trouvaille\business-maxi-trouvailles\rapatriement-jarvis-20260609-181603\jarvis-tech-enclair\app\logs\jarvis_business_safe_next_step.txt","2321","09/06/2026 15:43:21"
"C:\Users\sinek\Desktop\Jarvis-TechEnClair\app\logs\jarvis_business_search_gate_regression.json","C:\Users\sinek\Desktop\maxi-trouvaille\business-maxi-trouvailles\rapatriement-jarvis-20260609-181603\jarvis-tech-enclair\app\logs\jarvis_business_search_gate_regression.json","1173","03/06/2026 18:16:17"
"C:\Users\sinek\Desktop\Jarvis-TechEnClair\app\logs\jarvis_business_search_gate_regression.txt","C:\Users\sinek\Desktop\maxi-trouvaille\business-maxi-trouvailles\rapatriement-jarvis-20260609-181603\jarvis-tech-enclair\app\logs\jarvis_business_search_gate_regression.txt","947","03/06/2026 18:16:17"
"C:\Users\sinek\Desktop\Jarvis-TechEnClair\app\logs\jarvis_business_search_gate.json","C:\Users\sinek\Desktop\maxi-trouvaille\business-maxi-trouvailles\rapatriement-jarvis-20260609-181603\jarvis-tech-enclair\app\logs\jarvis_business_search_gate.json","1362","09/06/2026 18:00:59"
"C:\Users\sinek\Desktop\Jarvis-TechEnClair\app\logs\jarvis_business_search_gate.txt","C:\Users\sinek\Desktop\maxi-trouvaille\business-maxi-trouvailles\rapatriement-jarvis-20260609-181603\jarvis-tech-enclair\app\logs\jarvis_business_search_gate.txt","672","09/06/2026 18:00:59"
"C:\Users\sinek\Desktop\Jarvis-TechEnClair\app\logs\jarvis_business_selection_brief_regression.json","C:\Users\sinek\Desktop\maxi-trouvaille\business-maxi-trouvailles\rapatriement-jarvis-20260609-181603\jarvis-tech-enclair\app\logs\jarvis_business_selection_brief_regression.json","1123","24/05/2026 22:16:41"
"C:\Users\sinek\Desktop\Jarvis-TechEnClair\app\logs\jarvis_business_selection_brief_regression.txt","C:\Users\sinek\Desktop\maxi-trouvaille\business-maxi-trouvailles\rapatriement-jarvis-20260609-181603\jarvis-tech-enclair\app\logs\jarvis_business_selection_brief_regression.txt","924","24/05/2026 22:16:41"
"C:\Users\sinek\Desktop\Jarvis-TechEnClair\app\logs\jarvis_business_selection_brief.json","C:\Users\sinek\Desktop\maxi-trouvaille\business-maxi-trouvailles\rapatriement-jarvis-20260609-181603\jarvis-tech-enclair\app\logs\jarvis_business_selection_brief.json","5508","09/06/2026 18:00:59"
"C:\Users\sinek\Desktop\Jarvis-TechEnClair\app\logs\jarvis_business_selection_brief.txt","C:\Users\sinek\Desktop\maxi-trouvaille\business-maxi-trouvailles\rapatriement-jarvis-20260609-181603\jarvis-tech-enclair\app\logs\jarvis_business_selection_brief.txt","1693","09/06/2026 18:00:59"
"C:\Users\sinek\Desktop\Jarvis-TechEnClair\app\logs\jarvis_business_source_guard_regression.json","C:\Users\sinek\Desktop\maxi-trouvaille\business-maxi-trouvailles\rapatriement-jarvis-20260609-181603\jarvis-tech-enclair\app\logs\jarvis_business_source_guard_regression.json","1106","03/06/2026 18:16:48"
"C:\Users\sinek\Desktop\Jarvis-TechEnClair\app\logs\jarvis_business_source_guard_regression.txt","C:\Users\sinek\Desktop\maxi-trouvaille\business-maxi-trouvailles\rapatriement-jarvis-20260609-181603\jarvis-tech-enclair\app\logs\jarvis_business_source_guard_regression.txt","881","03/06/2026 18:16:48"
"C:\Users\sinek\Desktop\Jarvis-TechEnClair\app\logs\jarvis_business_source_guard.json","C:\Users\sinek\Desktop\maxi-trouvaille\business-maxi-trouvailles\rapatriement-jarvis-20260609-181603\jarvis-tech-enclair\app\logs\jarvis_business_source_guard.json","1195","09/06/2026 18:00:59"
"C:\Users\sinek\Desktop\Jarvis-TechEnClair\app\logs\jarvis_business_source_guard.txt","C:\Users\sinek\Desktop\maxi-trouvaille\business-maxi-trouvailles\rapatriement-jarvis-20260609-181603\jarvis-tech-enclair\app\logs\jarvis_business_source_guard.txt","560","09/06/2026 18:00:59"
"C:\Users\sinek\Desktop\Jarvis-TechEnClair\app\logs\jarvis_business_supplier_completion_gate_regression.json","C:\Users\sinek\Desktop\maxi-trouvaille\business-maxi-trouvailles\rapatriement-jarvis-20260609-181603\jarvis-tech-enclair\app\logs\jarvis_business_supplier_completion_gate_regression.json","1395","25/05/2026 05:42:08"
"C:\Users\sinek\Desktop\Jarvis-TechEnClair\app\logs\jarvis_business_supplier_completion_gate_regression.txt","C:\Users\sinek\Desktop\maxi-trouvaille\business-maxi-trouvailles\rapatriement-jarvis-20260609-181603\jarvis-tech-enclair\app\logs\jarvis_business_supplier_completion_gate_regression.txt","1164","25/05/2026 05:42:08"
"C:\Users\sinek\Desktop\Jarvis-TechEnClair\app\logs\jarvis_business_supplier_completion_gate.json","C:\Users\sinek\Desktop\maxi-trouvaille\business-maxi-trouvailles\rapatriement-jarvis-20260609-181603\jarvis-tech-enclair\app\logs\jarvis_business_supplier_completion_gate.json","2571","09/06/2026 18:00:48"
"C:\Users\sinek\Desktop\Jarvis-TechEnClair\app\logs\jarvis_business_supplier_completion_gate.txt","C:\Users\sinek\Desktop\maxi-trouvaille\business-maxi-trouvailles\rapatriement-jarvis-20260609-181603\jarvis-tech-enclair\app\logs\jarvis_business_supplier_completion_gate.txt","1207","09/06/2026 18:00:48"
"C:\Users\sinek\Desktop\Jarvis-TechEnClair\app\logs\jarvis_business_supplier_decision_gate_regression.json","C:\Users\sinek\Desktop\maxi-trouvaille\business-maxi-trouvailles\rapatriement-jarvis-20260609-181603\jarvis-tech-enclair\app\logs\jarvis_business_supplier_decision_gate_regression.json","1259","25/05/2026 04:50:06"
"C:\Users\sinek\Desktop\Jarvis-TechEnClair\app\logs\jarvis_business_supplier_decision_gate_regression.txt","C:\Users\sinek\Desktop\maxi-trouvaille\business-maxi-trouvailles\rapatriement-jarvis-20260609-181603\jarvis-tech-enclair\app\logs\jarvis_business_supplier_decision_gate_regression.txt","1058","25/05/2026 04:50:06"
"C:\Users\sinek\Desktop\Jarvis-TechEnClair\app\logs\jarvis_business_supplier_decision_gate.json","C:\Users\sinek\Desktop\maxi-trouvaille\business-maxi-trouvailles\rapatriement-jarvis-20260609-181603\jarvis-tech-enclair\app\logs\jarvis_business_supplier_decision_gate.json","2242","09/06/2026 18:00:56"
"C:\Users\sinek\Desktop\Jarvis-TechEnClair\app\logs\jarvis_business_supplier_decision_gate.txt","C:\Users\sinek\Desktop\maxi-trouvaille\business-maxi-trouvailles\rapatriement-jarvis-20260609-181603\jarvis-tech-enclair\app\logs\jarvis_business_supplier_decision_gate.txt","1056","09/06/2026 18:00:56"
"C:\Users\sinek\Desktop\Jarvis-TechEnClair\app\logs\jarvis_business_supplier_evidence_progress_regression.json","C:\Users\sinek\Desktop\maxi-trouvaille\business-maxi-trouvailles\rapatriement-jarvis-20260609-181603\jarvis-tech-enclair\app\logs\jarvis_business_supplier_evidence_progress_regression.json","1224","25/05/2026 05:13:44"
"C:\Users\sinek\Desktop\Jarvis-TechEnClair\app\logs\jarvis_business_supplier_evidence_progress_regression.txt","C:\Users\sinek\Desktop\maxi-trouvaille\business-maxi-trouvailles\rapatriement-jarvis-20260609-181603\jarvis-tech-enclair\app\logs\jarvis_business_supplier_evidence_progress_regression.txt","1018","25/05/2026 05:13:44"
"C:\Users\sinek\Desktop\Jarvis-TechEnClair\app\logs\jarvis_business_supplier_evidence_progress.json","C:\Users\sinek\Desktop\maxi-trouvaille\business-maxi-trouvailles\rapatriement-jarvis-20260609-181603\jarvis-tech-enclair\app\logs\jarvis_business_supplier_evidence_progress.json","3644","09/06/2026 18:00:56"
"C:\Users\sinek\Desktop\Jarvis-TechEnClair\app\logs\jarvis_business_supplier_evidence_progress.txt","C:\Users\sinek\Desktop\maxi-trouvaille\business-maxi-trouvailles\rapatriement-jarvis-20260609-181603\jarvis-tech-enclair\app\logs\jarvis_business_supplier_evidence_progress.txt","1174","09/06/2026 18:00:56"
"C:\Users\sinek\Desktop\Jarvis-TechEnClair\app\logs\jarvis_business_supplier_evidence_sheet_regression.json","C:\Users\sinek\Desktop\maxi-trouvaille\business-maxi-trouvailles\rapatriement-jarvis-20260609-181603\jarvis-tech-enclair\app\logs\jarvis_business_supplier_evidence_sheet_regression.json","1184","25/05/2026 05:02:34"
"C:\Users\sinek\Desktop\Jarvis-TechEnClair\app\logs\jarvis_business_supplier_evidence_sheet_regression.txt","C:\Users\sinek\Desktop\maxi-trouvaille\business-maxi-trouvailles\rapatriement-jarvis-20260609-181603\jarvis-tech-enclair\app\logs\jarvis_business_supplier_evidence_sheet_regression.txt","993","25/05/2026 05:02:34"
"C:\Users\sinek\Desktop\Jarvis-TechEnClair\app\logs\jarvis_business_supplier_evidence_sheet.json","C:\Users\sinek\Desktop\maxi-trouvaille\business-maxi-trouvailles\rapatriement-jarvis-20260609-181603\jarvis-tech-enclair\app\logs\jarvis_business_supplier_evidence_sheet.json","6531","09/06/2026 18:00:56"
"C:\Users\sinek\Desktop\Jarvis-TechEnClair\app\logs\jarvis_business_supplier_evidence_sheet.txt","C:\Users\sinek\Desktop\maxi-trouvaille\business-maxi-trouvailles\rapatriement-jarvis-20260609-181603\jarvis-tech-enclair\app\logs\jarvis_business_supplier_evidence_sheet.txt","1787","09/06/2026 18:00:56"
"C:\Users\sinek\Desktop\Jarvis-TechEnClair\app\logs\jarvis_business_supplier_import_decision_summary_regression.json","C:\Users\sinek\Desktop\maxi-trouvaille\business-maxi-trouvailles\rapatriement-jarvis-20260609-181603\jarvis-tech-enclair\app\logs\jarvis_business_supplier_import_decision_summary_regression.json","1588","25/05/2026 07:03:03"
"C:\Users\sinek\Desktop\Jarvis-TechEnClair\app\logs\jarvis_business_supplier_import_decision_summary_regression.txt","C:\Users\sinek\Desktop\maxi-trouvaille\business-maxi-trouvailles\rapatriement-jarvis-20260609-181603\jarvis-tech-enclair\app\logs\jarvis_business_supplier_import_decision_summary_regression.txt","1324","25/05/2026 07:03:03"
"C:\Users\sinek\Desktop\Jarvis-TechEnClair\app\logs\jarvis_business_supplier_import_decision_summary.json","C:\Users\sinek\Desktop\maxi-trouvaille\business-maxi-trouvailles\rapatriement-jarvis-20260609-181603\jarvis-tech-enclair\app\logs\jarvis_business_supplier_import_decision_summary.json","5970","09/06/2026 18:00:36"
"C:\Users\sinek\Desktop\Jarvis-TechEnClair\app\logs\jarvis_business_supplier_import_decision_summary.txt","C:\Users\sinek\Desktop\maxi-trouvaille\business-maxi-trouvailles\rapatriement-jarvis-20260609-181603\jarvis-tech-enclair\app\logs\jarvis_business_supplier_import_decision_summary.txt","1503","09/06/2026 18:00:36"
"C:\Users\sinek\Desktop\Jarvis-TechEnClair\app\logs\jarvis_business_supplier_import_manual_checklist_regression.json","C:\Users\sinek\Desktop\maxi-trouvaille\business-maxi-trouvailles\rapatriement-jarvis-20260609-181603\jarvis-tech-enclair\app\logs\jarvis_business_supplier_import_manual_checklist_regression.json","1413","25/05/2026 06:21:35"
"C:\Users\sinek\Desktop\Jarvis-TechEnClair\app\logs\jarvis_business_supplier_import_manual_checklist_regression.txt","C:\Users\sinek\Desktop\maxi-trouvaille\business-maxi-trouvailles\rapatriement-jarvis-20260609-181603\jarvis-tech-enclair\app\logs\jarvis_business_supplier_import_manual_checklist_regression.txt","1154","25/05/2026 06:21:35"
"C:\Users\sinek\Desktop\Jarvis-TechEnClair\app\logs\jarvis_business_supplier_import_manual_checklist.json","C:\Users\sinek\Desktop\maxi-trouvaille\business-maxi-trouvailles\rapatriement-jarvis-20260609-181603\jarvis-tech-enclair\app\logs\jarvis_business_supplier_import_manual_checklist.json","4366","09/06/2026 18:00:36"
"C:\Users\sinek\Desktop\Jarvis-TechEnClair\app\logs\jarvis_business_supplier_import_manual_checklist.txt","C:\Users\sinek\Desktop\maxi-trouvaille\business-maxi-trouvailles\rapatriement-jarvis-20260609-181603\jarvis-tech-enclair\app\logs\jarvis_business_supplier_import_manual_checklist.txt","934","09/06/2026 18:00:36"
"C:\Users\sinek\Desktop\Jarvis-TechEnClair\app\logs\jarvis_business_supplier_import_mouss_action_queue_regression.json","C:\Users\sinek\Desktop\maxi-trouvaille\business-maxi-trouvailles\rapatriement-jarvis-20260609-181603\jarvis-tech-enclair\app\logs\jarvis_business_supplier_import_mouss_action_queue_regression.json","1401","25/05/2026 10:28:19"
"C:\Users\sinek\Desktop\Jarvis-TechEnClair\app\logs\jarvis_business_supplier_import_mouss_action_queue_regression.txt","C:\Users\sinek\Desktop\maxi-trouvaille\business-maxi-trouvailles\rapatriement-jarvis-20260609-181603\jarvis-tech-enclair\app\logs\jarvis_business_supplier_import_mouss_action_queue_regression.txt","1154","25/05/2026 10:28:19"
"C:\Users\sinek\Desktop\Jarvis-TechEnClair\app\logs\jarvis_business_supplier_import_mouss_action_queue.json","C:\Users\sinek\Desktop\maxi-trouvaille\business-maxi-trouvailles\rapatriement-jarvis-20260609-181603\jarvis-tech-enclair\app\logs\jarvis_business_supplier_import_mouss_action_queue.json","6066","09/06/2026 15:43:18"
"C:\Users\sinek\Desktop\Jarvis-TechEnClair\app\logs\jarvis_business_supplier_import_mouss_action_queue.txt","C:\Users\sinek\Desktop\maxi-trouvaille\business-maxi-trouvailles\rapatriement-jarvis-20260609-181603\jarvis-tech-enclair\app\logs\jarvis_business_supplier_import_mouss_action_queue.txt","1348","09/06/2026 15:43:18"
"C:\Users\sinek\Desktop\Jarvis-TechEnClair\app\logs\jarvis_business_supplier_import_mouss_action_voice_brief_regression.json","C:\Users\sinek\Desktop\maxi-trouvaille\business-maxi-trouvailles\rapatriement-jarvis-20260609-181603\jarvis-tech-enclair\app\logs\jarvis_business_supplier_import_mouss_action_voice_brief_regression.json","1502","25/05/2026 10:28:19"
"C:\Users\sinek\Desktop\Jarvis-TechEnClair\app\logs\jarvis_business_supplier_import_mouss_action_voice_brief_regression.txt","C:\Users\sinek\Desktop\maxi-trouvaille\business-maxi-trouvailles\rapatriement-jarvis-20260609-181603\jarvis-tech-enclair\app\logs\jarvis_business_supplier_import_mouss_action_voice_brief_regression.txt","1250","25/05/2026 10:28:19"
"C:\Users\sinek\Desktop\Jarvis-TechEnClair\app\logs\jarvis_business_supplier_import_mouss_action_voice_brief.json","C:\Users\sinek\Desktop\maxi-trouvaille\business-maxi-trouvailles\rapatriement-jarvis-20260609-181603\jarvis-tech-enclair\app\logs\jarvis_business_supplier_import_mouss_action_voice_brief.json","4582","09/06/2026 15:43:18"
"C:\Users\sinek\Desktop\Jarvis-TechEnClair\app\logs\jarvis_business_supplier_import_mouss_action_voice_brief.txt","C:\Users\sinek\Desktop\maxi-trouvaille\business-maxi-trouvailles\rapatriement-jarvis-20260609-181603\jarvis-tech-enclair\app\logs\jarvis_business_supplier_import_mouss_action_voice_brief.txt","1056","09/06/2026 15:43:18"
"C:\Users\sinek\Desktop\Jarvis-TechEnClair\app\logs\jarvis_business_supplier_import_resume_checkpoint_regression.json","C:\Users\sinek\Desktop\maxi-trouvaille\business-maxi-trouvailles\rapatriement-jarvis-20260609-181603\jarvis-tech-enclair\app\logs\jarvis_business_supplier_import_resume_checkpoint_regression.json","1392","25/05/2026 11:01:12"
"C:\Users\sinek\Desktop\Jarvis-TechEnClair\app\logs\jarvis_business_supplier_import_resume_checkpoint_regression.txt","C:\Users\sinek\Desktop\maxi-trouvaille\business-maxi-trouvailles\rapatriement-jarvis-20260609-181603\jarvis-tech-enclair\app\logs\jarvis_business_supplier_import_resume_checkpoint_regression.txt","1173","25/05/2026 11:01:12"
"C:\Users\sinek\Desktop\Jarvis-TechEnClair\app\logs\jarvis_business_supplier_import_resume_checkpoint.json","C:\Users\sinek\Desktop\maxi-trouvaille\business-maxi-trouvailles\rapatriement-jarvis-20260609-181603\jarvis-tech-enclair\app\logs\jarvis_business_supplier_import_resume_checkpoint.json","6240","09/06/2026 15:43:19"
"C:\Users\sinek\Desktop\Jarvis-TechEnClair\app\logs\jarvis_business_supplier_import_resume_checkpoint.txt","C:\Users\sinek\Desktop\maxi-trouvaille\business-maxi-trouvailles\rapatriement-jarvis-20260609-181603\jarvis-tech-enclair\app\logs\jarvis_business_supplier_import_resume_checkpoint.txt","1618","09/06/2026 15:43:19"
"C:\Users\sinek\Desktop\Jarvis-TechEnClair\app\logs\jarvis_business_supplier_import_review_link_regression.json","C:\Users\sinek\Desktop\maxi-trouvaille\business-maxi-trouvailles\rapatriement-jarvis-20260609-181603\jarvis-tech-enclair\app\logs\jarvis_business_supplier_import_review_link_regression.json","1379","25/05/2026 05:47:05"
"C:\Users\sinek\Desktop\Jarvis-TechEnClair\app\logs\jarvis_business_supplier_import_review_link_regression.txt","C:\Users\sinek\Desktop\maxi-trouvaille\business-maxi-trouvailles\rapatriement-jarvis-20260609-181603\jarvis-tech-enclair\app\logs\jarvis_business_supplier_import_review_link_regression.txt","1140","25/05/2026 05:47:05"
"C:\Users\sinek\Desktop\Jarvis-TechEnClair\app\logs\jarvis_business_supplier_import_review_link.json","C:\Users\sinek\Desktop\maxi-trouvaille\business-maxi-trouvailles\rapatriement-jarvis-20260609-181603\jarvis-tech-enclair\app\logs\jarvis_business_supplier_import_review_link.json","2769","09/06/2026 18:00:36"
"C:\Users\sinek\Desktop\Jarvis-TechEnClair\app\logs\jarvis_business_supplier_import_review_link.txt","C:\Users\sinek\Desktop\maxi-trouvaille\business-maxi-trouvailles\rapatriement-jarvis-20260609-181603\jarvis-tech-enclair\app\logs\jarvis_business_supplier_import_review_link.txt","1178","09/06/2026 18:00:36"
"C:\Users\sinek\Desktop\Jarvis-TechEnClair\app\logs\jarvis_business_supplier_import_summary_read_path_regression.json","C:\Users\sinek\Desktop\maxi-trouvaille\business-maxi-trouvailles\rapatriement-jarvis-20260609-181603\jarvis-tech-enclair\app\logs\jarvis_business_supplier_import_summary_read_path_regression.json","1516","25/05/2026 07:20:58"
"C:\Users\sinek\Desktop\Jarvis-TechEnClair\app\logs\jarvis_business_supplier_import_summary_read_path_regression.txt","C:\Users\sinek\Desktop\maxi-trouvaille\business-maxi-trouvailles\rapatriement-jarvis-20260609-181603\jarvis-tech-enclair\app\logs\jarvis_business_supplier_import_summary_read_path_regression.txt","1258","25/05/2026 07:20:58"
"C:\Users\sinek\Desktop\Jarvis-TechEnClair\app\logs\jarvis_business_supplier_import_summary_read_path.json","C:\Users\sinek\Desktop\maxi-trouvaille\business-maxi-trouvailles\rapatriement-jarvis-20260609-181603\jarvis-tech-enclair\app\logs\jarvis_business_supplier_import_summary_read_path.json","4655","09/06/2026 15:43:18"
"C:\Users\sinek\Desktop\Jarvis-TechEnClair\app\logs\jarvis_business_supplier_import_summary_read_path.txt","C:\Users\sinek\Desktop\maxi-trouvaille\business-maxi-trouvailles\rapatriement-jarvis-20260609-181603\jarvis-tech-enclair\app\logs\jarvis_business_supplier_import_summary_read_path.txt","1162","09/06/2026 15:43:18"
"C:\Users\sinek\Desktop\Jarvis-TechEnClair\app\logs\jarvis_business_supplier_import_validation_alignment_regression.json","C:\Users\sinek\Desktop\maxi-trouvaille\business-maxi-trouvailles\rapatriement-jarvis-20260609-181603\jarvis-tech-enclair\app\logs\jarvis_business_supplier_import_validation_alignment_regression.json","1552","25/05/2026 06:39:53"
"C:\Users\sinek\Desktop\Jarvis-TechEnClair\app\logs\jarvis_business_supplier_import_validation_alignment_regression.txt","C:\Users\sinek\Desktop\maxi-trouvaille\business-maxi-trouvailles\rapatriement-jarvis-20260609-181603\jarvis-tech-enclair\app\logs\jarvis_business_supplier_import_validation_alignment_regression.txt","1274","25/05/2026 06:39:53"
"C:\Users\sinek\Desktop\Jarvis-TechEnClair\app\logs\jarvis_business_supplier_import_validation_alignment.json","C:\Users\sinek\Desktop\maxi-trouvaille\business-maxi-trouvailles\rapatriement-jarvis-20260609-181603\jarvis-tech-enclair\app\logs\jarvis_business_supplier_import_validation_alignment.json","4332","09/06/2026 18:00:09"
"C:\Users\sinek\Desktop\Jarvis-TechEnClair\app\logs\jarvis_business_supplier_import_validation_alignment.txt","C:\Users\sinek\Desktop\maxi-trouvaille\business-maxi-trouvailles\rapatriement-jarvis-20260609-181603\jarvis-tech-enclair\app\logs\jarvis_business_supplier_import_validation_alignment.txt","988","09/06/2026 18:00:09"
"C:\Users\sinek\Desktop\Jarvis-TechEnClair\app\logs\jarvis_business_supplier_import_voice_brief_regression.json","C:\Users\sinek\Desktop\maxi-trouvaille\business-maxi-trouvailles\rapatriement-jarvis-20260609-181603\jarvis-tech-enclair\app\logs\jarvis_business_supplier_import_voice_brief_regression.json","1411","25/05/2026 07:40:28"
"C:\Users\sinek\Desktop\Jarvis-TechEnClair\app\logs\jarvis_business_supplier_import_voice_brief_regression.txt","C:\Users\sinek\Desktop\maxi-trouvaille\business-maxi-trouvailles\rapatriement-jarvis-20260609-181603\jarvis-tech-enclair\app\logs\jarvis_business_supplier_import_voice_brief_regression.txt","1173","25/05/2026 07:40:28"
"C:\Users\sinek\Desktop\Jarvis-TechEnClair\app\logs\jarvis_business_supplier_import_voice_brief.json","C:\Users\sinek\Desktop\maxi-trouvaille\business-maxi-trouvailles\rapatriement-jarvis-20260609-181603\jarvis-tech-enclair\app\logs\jarvis_business_supplier_import_voice_brief.json","3709","09/06/2026 15:43:18"
"C:\Users\sinek\Desktop\Jarvis-TechEnClair\app\logs\jarvis_business_supplier_import_voice_brief.txt","C:\Users\sinek\Desktop\maxi-trouvaille\business-maxi-trouvailles\rapatriement-jarvis-20260609-181603\jarvis-tech-enclair\app\logs\jarvis_business_supplier_import_voice_brief.txt","911","09/06/2026 15:43:18"
"C:\Users\sinek\Desktop\Jarvis-TechEnClair\app\logs\jarvis_business_supplier_import_voice_kernel_compat_regression.json","C:\Users\sinek\Desktop\maxi-trouvaille\business-maxi-trouvailles\rapatriement-jarvis-20260609-181603\jarvis-tech-enclair\app\logs\jarvis_business_supplier_import_voice_kernel_compat_regression.json","1606","25/05/2026 08:06:27"
"C:\Users\sinek\Desktop\Jarvis-TechEnClair\app\logs\jarvis_business_supplier_import_voice_kernel_compat_regression.txt","C:\Users\sinek\Desktop\maxi-trouvaille\business-maxi-trouvailles\rapatriement-jarvis-20260609-181603\jarvis-tech-enclair\app\logs\jarvis_business_supplier_import_voice_kernel_compat_regression.txt","1337","25/05/2026 08:06:27"
"C:\Users\sinek\Desktop\Jarvis-TechEnClair\app\logs\jarvis_business_supplier_import_voice_kernel_compat.json","C:\Users\sinek\Desktop\maxi-trouvaille\business-maxi-trouvailles\rapatriement-jarvis-20260609-181603\jarvis-tech-enclair\app\logs\jarvis_business_supplier_import_voice_kernel_compat.json","4368","09/06/2026 15:43:18"
"C:\Users\sinek\Desktop\Jarvis-TechEnClair\app\logs\jarvis_business_supplier_import_voice_kernel_compat.txt","C:\Users\sinek\Desktop\maxi-trouvaille\business-maxi-trouvailles\rapatriement-jarvis-20260609-181603\jarvis-tech-enclair\app\logs\jarvis_business_supplier_import_voice_kernel_compat.txt","1181","09/06/2026 15:43:18"
"C:\Users\sinek\Desktop\Jarvis-TechEnClair\app\logs\jarvis_business_supplier_manual_unlock_guide_regression.json","C:\Users\sinek\Desktop\maxi-trouvaille\business-maxi-trouvailles\rapatriement-jarvis-20260609-181603\jarvis-tech-enclair\app\logs\jarvis_business_supplier_manual_unlock_guide_regression.json","1532","25/05/2026 06:04:47"
"C:\Users\sinek\Desktop\Jarvis-TechEnClair\app\logs\jarvis_business_supplier_manual_unlock_guide_regression.txt","C:\Users\sinek\Desktop\maxi-trouvaille\business-maxi-trouvailles\rapatriement-jarvis-20260609-181603\jarvis-tech-enclair\app\logs\jarvis_business_supplier_manual_unlock_guide_regression.txt","1250","25/05/2026 06:04:47"
"C:\Users\sinek\Desktop\Jarvis-TechEnClair\app\logs\jarvis_business_supplier_manual_unlock_guide.json","C:\Users\sinek\Desktop\maxi-trouvaille\business-maxi-trouvailles\rapatriement-jarvis-20260609-181603\jarvis-tech-enclair\app\logs\jarvis_business_supplier_manual_unlock_guide.json","3325","09/06/2026 18:00:36"
"C:\Users\sinek\Desktop\Jarvis-TechEnClair\app\logs\jarvis_business_supplier_manual_unlock_guide.txt","C:\Users\sinek\Desktop\maxi-trouvaille\business-maxi-trouvailles\rapatriement-jarvis-20260609-181603\jarvis-tech-enclair\app\logs\jarvis_business_supplier_manual_unlock_guide.txt","1528","09/06/2026 18:00:36"
"C:\Users\sinek\Desktop\Jarvis-TechEnClair\app\logs\jarvis_business_supplier_research_packet_regression.json","C:\Users\sinek\Desktop\maxi-trouvaille\business-maxi-trouvailles\rapatriement-jarvis-20260609-181603\jarvis-tech-enclair\app\logs\jarvis_business_supplier_research_packet_regression.json","1158","25/05/2026 04:39:15"
"C:\Users\sinek\Desktop\Jarvis-TechEnClair\app\logs\jarvis_business_supplier_research_packet_regression.txt","C:\Users\sinek\Desktop\maxi-trouvaille\business-maxi-trouvailles\rapatriement-jarvis-20260609-181603\jarvis-tech-enclair\app\logs\jarvis_business_supplier_research_packet_regression.txt","972","25/05/2026 04:39:15"
"C:\Users\sinek\Desktop\Jarvis-TechEnClair\app\logs\jarvis_business_supplier_research_packet.json","C:\Users\sinek\Desktop\maxi-trouvaille\business-maxi-trouvailles\rapatriement-jarvis-20260609-181603\jarvis-tech-enclair\app\logs\jarvis_business_supplier_research_packet.json","5360","09/06/2026 18:00:59"
"C:\Users\sinek\Desktop\Jarvis-TechEnClair\app\logs\jarvis_business_supplier_research_packet.txt","C:\Users\sinek\Desktop\maxi-trouvaille\business-maxi-trouvailles\rapatriement-jarvis-20260609-181603\jarvis-tech-enclair\app\logs\jarvis_business_supplier_research_packet.txt","1544","09/06/2026 18:00:59"
"C:\Users\sinek\Desktop\Jarvis-TechEnClair\app\logs\jarvis_business_supplier_research_preflight_regression.json","C:\Users\sinek\Desktop\maxi-trouvaille\business-maxi-trouvailles\rapatriement-jarvis-20260609-181603\jarvis-tech-enclair\app\logs\jarvis_business_supplier_research_preflight_regression.json","1066","25/05/2026 04:25:08"
"C:\Users\sinek\Desktop\Jarvis-TechEnClair\app\logs\jarvis_business_supplier_research_preflight_regression.txt","C:\Users\sinek\Desktop\maxi-trouvaille\business-maxi-trouvailles\rapatriement-jarvis-20260609-181603\jarvis-tech-enclair\app\logs\jarvis_business_supplier_research_preflight_regression.txt","907","25/05/2026 04:25:08"
"C:\Users\sinek\Desktop\Jarvis-TechEnClair\app\logs\jarvis_business_supplier_research_preflight.json","C:\Users\sinek\Desktop\maxi-trouvaille\business-maxi-trouvailles\rapatriement-jarvis-20260609-181603\jarvis-tech-enclair\app\logs\jarvis_business_supplier_research_preflight.json","2220","09/06/2026 18:00:59"
"C:\Users\sinek\Desktop\Jarvis-TechEnClair\app\logs\jarvis_business_supplier_research_preflight.txt","C:\Users\sinek\Desktop\maxi-trouvaille\business-maxi-trouvailles\rapatriement-jarvis-20260609-181603\jarvis-tech-enclair\app\logs\jarvis_business_supplier_research_preflight.txt","1106","09/06/2026 18:00:59"
"C:\Users\sinek\Desktop\Jarvis-TechEnClair\app\logs\jarvis_business_supplier_verification_regression.json","C:\Users\sinek\Desktop\maxi-trouvaille\business-maxi-trouvailles\rapatriement-jarvis-20260609-181603\jarvis-tech-enclair\app\logs\jarvis_business_supplier_verification_regression.json","1153","24/05/2026 22:08:17"
"C:\Users\sinek\Desktop\Jarvis-TechEnClair\app\logs\jarvis_business_supplier_verification_regression.txt","C:\Users\sinek\Desktop\maxi-trouvaille\business-maxi-trouvailles\rapatriement-jarvis-20260609-181603\jarvis-tech-enclair\app\logs\jarvis_business_supplier_verification_regression.txt","965","24/05/2026 22:08:17"
"C:\Users\sinek\Desktop\Jarvis-TechEnClair\app\logs\jarvis_business_supplier_verification.json","C:\Users\sinek\Desktop\maxi-trouvaille\business-maxi-trouvailles\rapatriement-jarvis-20260609-181603\jarvis-tech-enclair\app\logs\jarvis_business_supplier_verification.json","6571","09/06/2026 18:00:59"
"C:\Users\sinek\Desktop\Jarvis-TechEnClair\app\logs\jarvis_business_supplier_verification.txt","C:\Users\sinek\Desktop\maxi-trouvaille\business-maxi-trouvailles\rapatriement-jarvis-20260609-181603\jarvis-tech-enclair\app\logs\jarvis_business_supplier_verification.txt","2284","09/06/2026 18:00:59"
"C:\Users\sinek\Desktop\Jarvis-TechEnClair\app\logs\jarvis_business_validation_archive_plan_regression.json","C:\Users\sinek\Desktop\maxi-trouvaille\business-maxi-trouvailles\rapatriement-jarvis-20260609-181603\jarvis-tech-enclair\app\logs\jarvis_business_validation_archive_plan_regression.json","1505","24/05/2026 21:15:18"
"C:\Users\sinek\Desktop\Jarvis-TechEnClair\app\logs\jarvis_business_validation_archive_plan_regression.txt","C:\Users\sinek\Desktop\maxi-trouvaille\business-maxi-trouvailles\rapatriement-jarvis-20260609-181603\jarvis-tech-enclair\app\logs\jarvis_business_validation_archive_plan_regression.txt","1265","24/05/2026 21:15:18"
"C:\Users\sinek\Desktop\Jarvis-TechEnClair\app\logs\jarvis_business_validation_archive_plan.html","C:\Users\sinek\Desktop\maxi-trouvaille\business-maxi-trouvailles\rapatriement-jarvis-20260609-181603\jarvis-tech-enclair\app\logs\jarvis_business_validation_archive_plan.html","4763","09/06/2026 15:43:21"
"C:\Users\sinek\Desktop\Jarvis-TechEnClair\app\logs\jarvis_business_validation_archive_plan.json","C:\Users\sinek\Desktop\maxi-trouvaille\business-maxi-trouvailles\rapatriement-jarvis-20260609-181603\jarvis-tech-enclair\app\logs\jarvis_business_validation_archive_plan.json","4508","09/06/2026 15:43:21"
"C:\Users\sinek\Desktop\Jarvis-TechEnClair\app\logs\jarvis_business_validation_archive_plan.md","C:\Users\sinek\Desktop\maxi-trouvaille\business-maxi-trouvailles\rapatriement-jarvis-20260609-181603\jarvis-tech-enclair\app\logs\jarvis_business_validation_archive_plan.md","3260","09/06/2026 15:43:21"
"C:\Users\sinek\Desktop\Jarvis-TechEnClair\app\logs\jarvis_business_validation_archive_plan.txt","C:\Users\sinek\Desktop\maxi-trouvaille\business-maxi-trouvailles\rapatriement-jarvis-20260609-181603\jarvis-tech-enclair\app\logs\jarvis_business_validation_archive_plan.txt","2952","09/06/2026 15:43:21"
"C:\Users\sinek\Desktop\Jarvis-TechEnClair\app\logs\jarvis_business_validation_board_regression.json","C:\Users\sinek\Desktop\maxi-trouvaille\business-maxi-trouvailles\rapatriement-jarvis-20260609-181603\jarvis-tech-enclair\app\logs\jarvis_business_validation_board_regression.json","1349","24/05/2026 11:05:41"
"C:\Users\sinek\Desktop\Jarvis-TechEnClair\app\logs\jarvis_business_validation_board_regression.txt","C:\Users\sinek\Desktop\maxi-trouvaille\business-maxi-trouvailles\rapatriement-jarvis-20260609-181603\jarvis-tech-enclair\app\logs\jarvis_business_validation_board_regression.txt","1060","24/05/2026 11:05:41"
"C:\Users\sinek\Desktop\Jarvis-TechEnClair\app\logs\jarvis_business_validation_board.html","C:\Users\sinek\Desktop\maxi-trouvaille\business-maxi-trouvailles\rapatriement-jarvis-20260609-181603\jarvis-tech-enclair\app\logs\jarvis_business_validation_board.html","3445","05/06/2026 16:08:03"
"C:\Users\sinek\Desktop\Jarvis-TechEnClair\app\logs\jarvis_business_validation_board.json","C:\Users\sinek\Desktop\maxi-trouvaille\business-maxi-trouvailles\rapatriement-jarvis-20260609-181603\jarvis-tech-enclair\app\logs\jarvis_business_validation_board.json","2558","05/06/2026 16:08:03"
"C:\Users\sinek\Desktop\Jarvis-TechEnClair\app\logs\jarvis_business_validation_board.txt","C:\Users\sinek\Desktop\maxi-trouvaille\business-maxi-trouvailles\rapatriement-jarvis-20260609-181603\jarvis-tech-enclair\app\logs\jarvis_business_validation_board.txt","786","05/06/2026 16:08:03"
"C:\Users\sinek\Desktop\Jarvis-TechEnClair\app\logs\jarvis_business_validation_decision_sheet_regression.json","C:\Users\sinek\Desktop\maxi-trouvaille\business-maxi-trouvailles\rapatriement-jarvis-20260609-181603\jarvis-tech-enclair\app\logs\jarvis_business_validation_decision_sheet_regression.json","1701","24/05/2026 10:50:53"
"C:\Users\sinek\Desktop\Jarvis-TechEnClair\app\logs\jarvis_business_validation_decision_sheet_regression.txt","C:\Users\sinek\Desktop\maxi-trouvaille\business-maxi-trouvailles\rapatriement-jarvis-20260609-181603\jarvis-tech-enclair\app\logs\jarvis_business_validation_decision_sheet_regression.txt","1488","24/05/2026 10:50:53"
"C:\Users\sinek\Desktop\Jarvis-TechEnClair\app\logs\jarvis_business_validation_decision_sheet.html","C:\Users\sinek\Desktop\maxi-trouvaille\business-maxi-trouvailles\rapatriement-jarvis-20260609-181603\jarvis-tech-enclair\app\logs\jarvis_business_validation_decision_sheet.html","2309","05/06/2026 16:08:03"
"C:\Users\sinek\Desktop\Jarvis-TechEnClair\app\logs\jarvis_business_validation_decision_sheet.json","C:\Users\sinek\Desktop\maxi-trouvaille\business-maxi-trouvailles\rapatriement-jarvis-20260609-181603\jarvis-tech-enclair\app\logs\jarvis_business_validation_decision_sheet.json","1481","05/06/2026 16:08:03"
"C:\Users\sinek\Desktop\Jarvis-TechEnClair\app\logs\jarvis_business_validation_decision_sheet.txt","C:\Users\sinek\Desktop\maxi-trouvaille\business-maxi-trouvailles\rapatriement-jarvis-20260609-181603\jarvis-tech-enclair\app\logs\jarvis_business_validation_decision_sheet.txt","914","05/06/2026 16:08:03"
"C:\Users\sinek\Desktop\Jarvis-TechEnClair\app\logs\jarvis_business_validation_decision_status_regression.json","C:\Users\sinek\Desktop\maxi-trouvaille\business-maxi-trouvailles\rapatriement-jarvis-20260609-181603\jarvis-tech-enclair\app\logs\jarvis_business_validation_decision_status_regression.json","1609","24/05/2026 21:23:48"
"C:\Users\sinek\Desktop\Jarvis-TechEnClair\app\logs\jarvis_business_validation_decision_status_regression.txt","C:\Users\sinek\Desktop\maxi-trouvaille\business-maxi-trouvailles\rapatriement-jarvis-20260609-181603\jarvis-tech-enclair\app\logs\jarvis_business_validation_decision_status_regression.txt","1360","24/05/2026 21:23:48"
"C:\Users\sinek\Desktop\Jarvis-TechEnClair\app\logs\jarvis_business_validation_decision_status.html","C:\Users\sinek\Desktop\maxi-trouvaille\business-maxi-trouvailles\rapatriement-jarvis-20260609-181603\jarvis-tech-enclair\app\logs\jarvis_business_validation_decision_status.html","2218","09/06/2026 18:00:59"
"C:\Users\sinek\Desktop\Jarvis-TechEnClair\app\logs\jarvis_business_validation_decision_status.json","C:\Users\sinek\Desktop\maxi-trouvaille\business-maxi-trouvailles\rapatriement-jarvis-20260609-181603\jarvis-tech-enclair\app\logs\jarvis_business_validation_decision_status.json","1204","09/06/2026 18:00:59"
"C:\Users\sinek\Desktop\Jarvis-TechEnClair\app\logs\jarvis_business_validation_decision_status.txt","C:\Users\sinek\Desktop\maxi-trouvaille\business-maxi-trouvailles\rapatriement-jarvis-20260609-181603\jarvis-tech-enclair\app\logs\jarvis_business_validation_decision_status.txt","684","09/06/2026 18:00:59"
"C:\Users\sinek\Desktop\Jarvis-TechEnClair\app\logs\jarvis_business_validation_dedupe_regression.json","C:\Users\sinek\Desktop\maxi-trouvaille\business-maxi-trouvailles\rapatriement-jarvis-20260609-181603\jarvis-tech-enclair\app\logs\jarvis_business_validation_dedupe_regression.json","1429","24/05/2026 21:06:30"
"C:\Users\sinek\Desktop\Jarvis-TechEnClair\app\logs\jarvis_business_validation_dedupe_regression.txt","C:\Users\sinek\Desktop\maxi-trouvaille\business-maxi-trouvailles\rapatriement-jarvis-20260609-181603\jarvis-tech-enclair\app\logs\jarvis_business_validation_dedupe_regression.txt","1195","24/05/2026 21:06:30"
"C:\Users\sinek\Desktop\Jarvis-TechEnClair\app\logs\jarvis_business_validation_dedupe.html","C:\Users\sinek\Desktop\maxi-trouvaille\business-maxi-trouvailles\rapatriement-jarvis-20260609-181603\jarvis-tech-enclair\app\logs\jarvis_business_validation_dedupe.html","2424","09/06/2026 15:43:21"
"C:\Users\sinek\Desktop\Jarvis-TechEnClair\app\logs\jarvis_business_validation_dedupe.json","C:\Users\sinek\Desktop\maxi-trouvaille\business-maxi-trouvailles\rapatriement-jarvis-20260609-181603\jarvis-tech-enclair\app\logs\jarvis_business_validation_dedupe.json","6898","09/06/2026 15:43:21"
"C:\Users\sinek\Desktop\Jarvis-TechEnClair\app\logs\jarvis_business_validation_dedupe.txt","C:\Users\sinek\Desktop\maxi-trouvaille\business-maxi-trouvailles\rapatriement-jarvis-20260609-181603\jarvis-tech-enclair\app\logs\jarvis_business_validation_dedupe.txt","963","09/06/2026 15:43:21"
"C:\Users\sinek\Desktop\Jarvis-TechEnClair\app\logs\jarvis_business_validation_packet_regression.json","C:\Users\sinek\Desktop\maxi-trouvaille\business-maxi-trouvailles\rapatriement-jarvis-20260609-181603\jarvis-tech-enclair\app\logs\jarvis_business_validation_packet_regression.json","1519","24/05/2026 20:56:43"
"C:\Users\sinek\Desktop\Jarvis-TechEnClair\app\logs\jarvis_business_validation_packet_regression.txt","C:\Users\sinek\Desktop\maxi-trouvaille\business-maxi-trouvailles\rapatriement-jarvis-20260609-181603\jarvis-tech-enclair\app\logs\jarvis_business_validation_packet_regression.txt","1289","24/05/2026 20:56:43"
"C:\Users\sinek\Desktop\Jarvis-TechEnClair\app\logs\jarvis_business_validation_packet.html","C:\Users\sinek\Desktop\maxi-trouvaille\business-maxi-trouvailles\rapatriement-jarvis-20260609-181603\jarvis-tech-enclair\app\logs\jarvis_business_validation_packet.html","4103","09/06/2026 18:00:59"
"C:\Users\sinek\Desktop\Jarvis-TechEnClair\app\logs\jarvis_business_validation_packet.json","C:\Users\sinek\Desktop\maxi-trouvaille\business-maxi-trouvailles\rapatriement-jarvis-20260609-181603\jarvis-tech-enclair\app\logs\jarvis_business_validation_packet.json","2948","09/06/2026 18:00:59"
"C:\Users\sinek\Desktop\Jarvis-TechEnClair\app\logs\jarvis_business_validation_packet.md","C:\Users\sinek\Desktop\maxi-trouvaille\business-maxi-trouvailles\rapatriement-jarvis-20260609-181603\jarvis-tech-enclair\app\logs\jarvis_business_validation_packet.md","1306","09/06/2026 18:00:59"
"C:\Users\sinek\Desktop\Jarvis-TechEnClair\app\logs\jarvis_business_validation_packet.txt","C:\Users\sinek\Desktop\maxi-trouvaille\business-maxi-trouvailles\rapatriement-jarvis-20260609-181603\jarvis-tech-enclair\app\logs\jarvis_business_validation_packet.txt","1190","09/06/2026 18:00:59"
"C:\Users\sinek\Desktop\Jarvis-TechEnClair\app\logs\jarvis_business_validation_queue_board_regression.json","C:\Users\sinek\Desktop\maxi-trouvaille\business-maxi-trouvailles\rapatriement-jarvis-20260609-181603\jarvis-tech-enclair\app\logs\jarvis_business_validation_queue_board_regression.json","1331","24/05/2026 20:47:10"
"C:\Users\sinek\Desktop\Jarvis-TechEnClair\app\logs\jarvis_business_validation_queue_board_regression.txt","C:\Users\sinek\Desktop\maxi-trouvaille\business-maxi-trouvailles\rapatriement-jarvis-20260609-181603\jarvis-tech-enclair\app\logs\jarvis_business_validation_queue_board_regression.txt","1042","24/05/2026 20:47:10"
"C:\Users\sinek\Desktop\Jarvis-TechEnClair\app\logs\jarvis_business_validation_queue_board.html","C:\Users\sinek\Desktop\maxi-trouvaille\business-maxi-trouvailles\rapatriement-jarvis-20260609-181603\jarvis-tech-enclair\app\logs\jarvis_business_validation_queue_board.html","6582","09/06/2026 15:43:21"
"C:\Users\sinek\Desktop\Jarvis-TechEnClair\app\logs\jarvis_business_validation_queue_board.json","C:\Users\sinek\Desktop\maxi-trouvaille\business-maxi-trouvailles\rapatriement-jarvis-20260609-181603\jarvis-tech-enclair\app\logs\jarvis_business_validation_queue_board.json","12509","09/06/2026 15:43:21"
"C:\Users\sinek\Desktop\Jarvis-TechEnClair\app\logs\jarvis_business_validation_queue_board.txt","C:\Users\sinek\Desktop\maxi-trouvaille\business-maxi-trouvailles\rapatriement-jarvis-20260609-181603\jarvis-tech-enclair\app\logs\jarvis_business_validation_queue_board.txt","919","09/06/2026 15:43:21"
"C:\Users\sinek\Desktop\Jarvis-TechEnClair\app\logs\jarvis_business_validation_queue_regression.json","C:\Users\sinek\Desktop\maxi-trouvaille\business-maxi-trouvailles\rapatriement-jarvis-20260609-181603\jarvis-tech-enclair\app\logs\jarvis_business_validation_queue_regression.json","1095","31/05/2026 05:09:12"
"C:\Users\sinek\Desktop\Jarvis-TechEnClair\app\logs\jarvis_business_validation_queue_regression.txt","C:\Users\sinek\Desktop\maxi-trouvaille\business-maxi-trouvailles\rapatriement-jarvis-20260609-181603\jarvis-tech-enclair\app\logs\jarvis_business_validation_queue_regression.txt","927","31/05/2026 05:09:12"
"C:\Users\sinek\Desktop\Jarvis-TechEnClair\app\logs\jarvis_business_validation_queue.json","C:\Users\sinek\Desktop\maxi-trouvaille\business-maxi-trouvailles\rapatriement-jarvis-20260609-181603\jarvis-tech-enclair\app\logs\jarvis_business_validation_queue.json","6191","09/06/2026 18:00:59"
"C:\Users\sinek\Desktop\Jarvis-TechEnClair\app\logs\jarvis_business_validation_queue.txt","C:\Users\sinek\Desktop\maxi-trouvaille\business-maxi-trouvailles\rapatriement-jarvis-20260609-181603\jarvis-tech-enclair\app\logs\jarvis_business_validation_queue.txt","1985","09/06/2026 18:00:59"
"C:\Users\sinek\Desktop\Jarvis-TechEnClair\app\logs\jarvis_maxi_navigation_health_regression.json","C:\Users\sinek\Desktop\maxi-trouvaille\business-maxi-trouvailles\rapatriement-jarvis-20260609-181603\jarvis-tech-enclair\app\logs\jarvis_maxi_navigation_health_regression.json","393","24/05/2026 20:09:51"
"C:\Users\sinek\Desktop\Jarvis-TechEnClair\app\logs\jarvis_maxi_navigation_health_regression.txt","C:\Users\sinek\Desktop\maxi-trouvaille\business-maxi-trouvailles\rapatriement-jarvis-20260609-181603\jarvis-tech-enclair\app\logs\jarvis_maxi_navigation_health_regression.txt","228","24/05/2026 20:09:51"
"C:\Users\sinek\Desktop\Jarvis-TechEnClair\app\logs\jarvis_maxi_navigation_health.json","C:\Users\sinek\Desktop\maxi-trouvaille\business-maxi-trouvailles\rapatriement-jarvis-20260609-181603\jarvis-tech-enclair\app\logs\jarvis_maxi_navigation_health.json","4086","09/06/2026 17:57:29"
"C:\Users\sinek\Desktop\Jarvis-TechEnClair\app\logs\jarvis_maxi_navigation_health.txt","C:\Users\sinek\Desktop\maxi-trouvaille\business-maxi-trouvailles\rapatriement-jarvis-20260609-181603\jarvis-tech-enclair\app\logs\jarvis_maxi_navigation_health.txt","924","09/06/2026 17:57:29"
"C:\Users\sinek\Desktop\Jarvis-TechEnClair\app\logs\jarvis_maxi_routes_regression.json","C:\Users\sinek\Desktop\maxi-trouvaille\business-maxi-trouvailles\rapatriement-jarvis-20260609-181603\jarvis-tech-enclair\app\logs\jarvis_maxi_routes_regression.json","421","24/05/2026 01:05:35"
"C:\Users\sinek\Desktop\Jarvis-TechEnClair\app\logs\jarvis_maxi_routes_regression.txt","C:\Users\sinek\Desktop\maxi-trouvaille\business-maxi-trouvailles\rapatriement-jarvis-20260609-181603\jarvis-tech-enclair\app\logs\jarvis_maxi_routes_regression.txt","227","24/05/2026 01:05:35"
"C:\Users\sinek\Desktop\Jarvis-TechEnClair\app\logs\jarvis_maxi_routes.json","C:\Users\sinek\Desktop\maxi-trouvaille\business-maxi-trouvailles\rapatriement-jarvis-20260609-181603\jarvis-tech-enclair\app\logs\jarvis_maxi_routes.json","3763","09/06/2026 17:57:31"
"C:\Users\sinek\Desktop\Jarvis-TechEnClair\app\logs\jarvis_maxi_routes.txt","C:\Users\sinek\Desktop\maxi-trouvaille\business-maxi-trouvailles\rapatriement-jarvis-20260609-181603\jarvis-tech-enclair\app\logs\jarvis_maxi_routes.txt","1053","09/06/2026 17:57:31"
"C:\Users\sinek\Desktop\Jarvis-TechEnClair\app\logs\jarvis_maxi_workspace_preflight_regression.json","C:\Users\sinek\Desktop\maxi-trouvaille\business-maxi-trouvailles\rapatriement-jarvis-20260609-181603\jarvis-tech-enclair\app\logs\jarvis_maxi_workspace_preflight_regression.json","1530","24/05/2026 20:21:21"
"C:\Users\sinek\Desktop\Jarvis-TechEnClair\app\logs\jarvis_maxi_workspace_preflight_regression.txt","C:\Users\sinek\Desktop\maxi-trouvaille\business-maxi-trouvailles\rapatriement-jarvis-20260609-181603\jarvis-tech-enclair\app\logs\jarvis_maxi_workspace_preflight_regression.txt","285","24/05/2026 20:21:21"
"C:\Users\sinek\Desktop\Jarvis-TechEnClair\app\logs\jarvis_maxi_workspace_preflight.json","C:\Users\sinek\Desktop\maxi-trouvaille\business-maxi-trouvailles\rapatriement-jarvis-20260609-181603\jarvis-tech-enclair\app\logs\jarvis_maxi_workspace_preflight.json","1087","09/06/2026 17:57:29"
"C:\Users\sinek\Desktop\Jarvis-TechEnClair\app\logs\jarvis_maxi_workspace_preflight.txt","C:\Users\sinek\Desktop\maxi-trouvaille\business-maxi-trouvailles\rapatriement-jarvis-20260609-181603\jarvis-tech-enclair\app\logs\jarvis_maxi_workspace_preflight.txt","570","09/06/2026 17:57:29"
"C:\Users\sinek\Desktop\Jarvis-TechEnClair\app\logs\jarvis_window_pre_business_guard_regression.json","C:\Users\sinek\Desktop\maxi-trouvaille\business-maxi-trouvailles\rapatriement-jarvis-20260609-181603\jarvis-tech-enclair\app\logs\jarvis_window_pre_business_guard_regression.json","4833","08/06/2026 19:24:49"
"C:\Users\sinek\Desktop\Jarvis-TechEnClair\app\logs\jarvis_window_pre_business_guard_regression.txt","C:\Users\sinek\Desktop\maxi-trouvaille\business-maxi-trouvailles\rapatriement-jarvis-20260609-181603\jarvis-tech-enclair\app\logs\jarvis_window_pre_business_guard_regression.txt","4075","08/06/2026 19:24:49"
"C:\Users\sinek\Desktop\Jarvis-TechEnClair\app\logs\jarvis_window_pre_business_guard.json","C:\Users\sinek\Desktop\maxi-trouvaille\business-maxi-trouvailles\rapatriement-jarvis-20260609-181603\jarvis-tech-enclair\app\logs\jarvis_window_pre_business_guard.json","9823","09/06/2026 18:00:59"
"C:\Users\sinek\Desktop\Jarvis-TechEnClair\app\logs\jarvis_window_pre_business_guard.txt","C:\Users\sinek\Desktop\maxi-trouvaille\business-maxi-trouvailles\rapatriement-jarvis-20260609-181603\jarvis-tech-enclair\app\logs\jarvis_window_pre_business_guard.txt","1681","09/06/2026 18:00:59"
"C:\Users\sinek\Desktop\Jarvis-TechEnClair\app\parallel_work\jarvis_parallel_chantiers\ai_orchestration_next_layer.md","C:\Users\sinek\Desktop\maxi-trouvaille\business-maxi-trouvailles\rapatriement-jarvis-20260609-181603\jarvis-tech-enclair\app\parallel_work\jarvis_parallel_chantiers\ai_orchestration_next_layer.md","3757","09/06/2026 18:16:11"
"C:\Users\sinek\Desktop\Jarvis-TechEnClair\app\parallel_work\jarvis_parallel_chantiers\avatar_3d_mimouss_next_layer.md","C:\Users\sinek\Desktop\maxi-trouvaille\business-maxi-trouvailles\rapatriement-jarvis-20260609-181603\jarvis-tech-enclair\app\parallel_work\jarvis_parallel_chantiers\avatar_3d_mimouss_next_layer.md","1549","09/06/2026 18:16:11"
"C:\Users\sinek\Desktop\Jarvis-TechEnClair\app\parallel_work\jarvis_parallel_chantiers\marketing_automation_mail_next_layer.md","C:\Users\sinek\Desktop\maxi-trouvaille\business-maxi-trouvailles\rapatriement-jarvis-20260609-181603\jarvis-tech-enclair\app\parallel_work\jarvis_parallel_chantiers\marketing_automation_mail_next_layer.md","1964","09/06/2026 18:16:11"
"C:\Users\sinek\Desktop\Jarvis-TechEnClair\app\parallel_work\jarvis_parallel_chantiers\maxi_controlled_commerce_next_layer.md","C:\Users\sinek\Desktop\maxi-trouvaille\business-maxi-trouvailles\rapatriement-jarvis-20260609-181603\jarvis-tech-enclair\app\parallel_work\jarvis_parallel_chantiers\maxi_controlled_commerce_next_layer.md","1296","09/06/2026 18:16:11"
"C:\Users\sinek\Desktop\Jarvis-TechEnClair\app\parallel_work\jarvis_parallel_chantiers\pc_runtime_openwebui_next_layer.md","C:\Users\sinek\Desktop\maxi-trouvaille\business-maxi-trouvailles\rapatriement-jarvis-20260609-181603\jarvis-tech-enclair\app\parallel_work\jarvis_parallel_chantiers\pc_runtime_openwebui_next_layer.md","3144","09/06/2026 18:16:11"
"C:\Users\sinek\Desktop\Jarvis-TechEnClair\app\parallel_work\jarvis_parallel_chantiers\social_desktop_apps_next_layer.md","C:\Users\sinek\Desktop\maxi-trouvaille\business-maxi-trouvailles\rapatriement-jarvis-20260609-181603\jarvis-tech-enclair\app\parallel_work\jarvis_parallel_chantiers\social_desktop_apps_next_layer.md","1285","09/06/2026 18:16:11"
"C:\Users\sinek\Desktop\Jarvis-TechEnClair\app\parallel_work\jarvis_parallel_chantiers\spotify_media_assist_next_layer.md","C:\Users\sinek\Desktop\maxi-trouvaille\business-maxi-trouvailles\rapatriement-jarvis-20260609-181603\jarvis-tech-enclair\app\parallel_work\jarvis_parallel_chantiers\spotify_media_assist_next_layer.md","1173","09/06/2026 18:16:11"
"C:\Users\sinek\Desktop\Jarvis-TechEnClair\app\parallel_work\jarvis_parallel_chantiers\vision_camera_gesture_next_layer.md","C:\Users\sinek\Desktop\maxi-trouvaille\business-maxi-trouvailles\rapatriement-jarvis-20260609-181603\jarvis-tech-enclair\app\parallel_work\jarvis_parallel_chantiers\vision_camera_gesture_next_layer.md","1177","09/06/2026 18:16:11"
"C:\Users\sinek\Desktop\Jarvis-TechEnClair\app\parallel_work\jarvis_parallel_chantiers\voice_reactivity_next_layer.md","C:\Users\sinek\Desktop\maxi-trouvaille\business-maxi-trouvailles\rapatriement-jarvis-20260609-181603\jarvis-tech-enclair\app\parallel_work\jarvis_parallel_chantiers\voice_reactivity_next_layer.md","1599","09/06/2026 18:16:11"
"C:\Users\sinek\Desktop\Jarvis-TechEnClair\app\parallel_work\jarvis_parallel_discussions\automation_5min_20260609\00_MODE_EMPLOI_MOUSS.md","C:\Users\sinek\Desktop\maxi-trouvaille\business-maxi-trouvailles\rapatriement-jarvis-20260609-181603\jarvis-tech-enclair\app\parallel_work\jarvis_parallel_discussions\automation_5min_20260609\00_MODE_EMPLOI_MOUSS.md","1864","09/06/2026 07:23:11"
"C:\Users\sinek\Desktop\Jarvis-TechEnClair\app\parallel_work\jarvis_parallel_discussions\automation_5min_20260609\01_voice_reactivity_automation_prompt.txt","C:\Users\sinek\Desktop\maxi-trouvaille\business-maxi-trouvailles\rapatriement-jarvis-20260609-181603\jarvis-tech-enclair\app\parallel_work\jarvis_parallel_discussions\automation_5min_20260609\01_voice_reactivity_automation_prompt.txt","1951","09/06/2026 07:23:11"
"C:\Users\sinek\Desktop\Jarvis-TechEnClair\app\parallel_work\jarvis_parallel_discussions\automation_5min_20260609\02_ai_orchestration_automation_prompt.txt","C:\Users\sinek\Desktop\maxi-trouvaille\business-maxi-trouvailles\rapatriement-jarvis-20260609-181603\jarvis-tech-enclair\app\parallel_work\jarvis_parallel_discussions\automation_5min_20260609\02_ai_orchestration_automation_prompt.txt","1905","09/06/2026 07:23:11"
"C:\Users\sinek\Desktop\Jarvis-TechEnClair\app\parallel_work\jarvis_parallel_discussions\automation_5min_20260609\03_pc_runtime_openwebui_automation_prompt.txt","C:\Users\sinek\Desktop\maxi-trouvaille\business-maxi-trouvailles\rapatriement-jarvis-20260609-181603\jarvis-tech-enclair\app\parallel_work\jarvis_parallel_discussions\automation_5min_20260609\03_pc_runtime_openwebui_automation_prompt.txt","1675","09/06/2026 07:23:11"
"C:\Users\sinek\Desktop\Jarvis-TechEnClair\app\parallel_work\jarvis_parallel_discussions\automation_5min_20260609\04_assistant_pc_reactif_automation_prompt.txt","C:\Users\sinek\Desktop\maxi-trouvaille\business-maxi-trouvailles\rapatriement-jarvis-20260609-181603\jarvis-tech-enclair\app\parallel_work\jarvis_parallel_discussions\automation_5min_20260609\04_assistant_pc_reactif_automation_prompt.txt","1576","09/06/2026 07:23:11"
"C:\Users\sinek\Desktop\Jarvis-TechEnClair\app\parallel_work\jarvis_parallel_discussions\automation_5min_20260609\05_avatar_3d_mimouss_parking_automation_prompt.txt","C:\Users\sinek\Desktop\maxi-trouvaille\business-maxi-trouvailles\rapatriement-jarvis-20260609-181603\jarvis-tech-enclair\app\parallel_work\jarvis_parallel_discussions\automation_5min_20260609\05_avatar_3d_mimouss_parking_automation_prompt.txt","1376","09/06/2026 07:23:11"
"C:\Users\sinek\Desktop\Jarvis-TechEnClair\app\parallel_work\jarvis_parallel_discussions\automation_5min_20260609\06_maxi_controlled_commerce_draft_automation_prompt.txt","C:\Users\sinek\Desktop\maxi-trouvaille\business-maxi-trouvailles\rapatriement-jarvis-20260609-181603\jarvis-tech-enclair\app\parallel_work\jarvis_parallel_discussions\automation_5min_20260609\06_maxi_controlled_commerce_draft_automation_prompt.txt","1544","09/06/2026 07:23:11"
"C:\Users\sinek\Desktop\Jarvis-TechEnClair\app\parallel_work\jarvis_parallel_discussions\automation_5min_20260609\07_marketing_mail_social_draft_automation_prompt.txt","C:\Users\sinek\Desktop\maxi-trouvaille\business-maxi-trouvailles\rapatriement-jarvis-20260609-181603\jarvis-tech-enclair\app\parallel_work\jarvis_parallel_discussions\automation_5min_20260609\07_marketing_mail_social_draft_automation_prompt.txt","1359","09/06/2026 07:23:11"
"C:\Users\sinek\Desktop\Jarvis-TechEnClair\app\parallel_work\jarvis_parallel_discussions\automation_5min_20260609\08_social_desktop_apps_inventory_automation_prompt.txt","C:\Users\sinek\Desktop\maxi-trouvaille\business-maxi-trouvailles\rapatriement-jarvis-20260609-181603\jarvis-tech-enclair\app\parallel_work\jarvis_parallel_discussions\automation_5min_20260609\08_social_desktop_apps_inventory_automation_prompt.txt","1324","09/06/2026 07:23:11"
"C:\Users\sinek\Desktop\Jarvis-TechEnClair\app\parallel_work\jarvis_parallel_discussions\automation_5min_20260609\09_spotify_media_assist_draft_automation_prompt.txt","C:\Users\sinek\Desktop\maxi-trouvaille\business-maxi-trouvailles\rapatriement-jarvis-20260609-181603\jarvis-tech-enclair\app\parallel_work\jarvis_parallel_discussions\automation_5min_20260609\09_spotify_media_assist_draft_automation_prompt.txt","1377","09/06/2026 07:23:11"
"C:\Users\sinek\Desktop\Jarvis-TechEnClair\app\parallel_work\jarvis_parallel_discussions\automation_5min_20260609\10_vision_camera_gesture_preview_automation_prompt.txt","C:\Users\sinek\Desktop\maxi-trouvaille\business-maxi-trouvailles\rapatriement-jarvis-20260609-181603\jarvis-tech-enclair\app\parallel_work\jarvis_parallel_discussions\automation_5min_20260609\10_vision_camera_gesture_preview_automation_prompt.txt","1383","09/06/2026 07:23:11"
"C:\Users\sinek\Desktop\Jarvis-TechEnClair\app\parallel_work\jarvis_parallel_discussions\automation_5min_20260609\99_superviseur_retours_parallel_automation_prompt.txt","C:\Users\sinek\Desktop\maxi-trouvaille\business-maxi-trouvailles\rapatriement-jarvis-20260609-181603\jarvis-tech-enclair\app\parallel_work\jarvis_parallel_discussions\automation_5min_20260609\99_superviseur_retours_parallel_automation_prompt.txt","1336","09/06/2026 07:23:11"
"C:\Users\sinek\Desktop\Jarvis-TechEnClair\app\parallel_work\jarvis_parallel_discussions\automation_5min_20260609\parallel_automation_manifest.json","C:\Users\sinek\Desktop\maxi-trouvaille\business-maxi-trouvailles\rapatriement-jarvis-20260609-181603\jarvis-tech-enclair\app\parallel_work\jarvis_parallel_discussions\automation_5min_20260609\parallel_automation_manifest.json","4618","09/06/2026 07:28:51"
"C:\Users\sinek\Desktop\Jarvis-TechEnClair\app\parallel_work\jarvis_parallel_discussions\automation_5min_20260609\STANDBY_20260609.md","C:\Users\sinek\Desktop\maxi-trouvaille\business-maxi-trouvailles\rapatriement-jarvis-20260609-181603\jarvis-tech-enclair\app\parallel_work\jarvis_parallel_discussions\automation_5min_20260609\STANDBY_20260609.md","664","09/06/2026 07:28:51"
"C:\Users\sinek\Desktop\Jarvis-TechEnClair\app\parallel_work\jarvis_parallel_discussions\automation_5min_20260609\STANDBY_NOT_LAUNCHED.md","C:\Users\sinek\Desktop\maxi-trouvaille\business-maxi-trouvailles\rapatriement-jarvis-20260609-181603\jarvis-tech-enclair\app\parallel_work\jarvis_parallel_discussions\automation_5min_20260609\STANDBY_NOT_LAUNCHED.md","691","09/06/2026 11:00:05"
"C:\Users\sinek\Desktop\MAXI_TROUVAILLE\archives\quick-products-before-optimization-2026-05-05.json","C:\Users\sinek\Desktop\maxi-trouvaille\business-maxi-trouvailles\rapatriement-jarvis-20260609-181603\ancien-maxi-trouvaille\archives\quick-products-before-optimization-2026-05-05.json","40395","05/05/2026 10:29:17"
"C:\Users\sinek\Desktop\MAXI_TROUVAILLE\assets\imag\4bb5aa6cd59445b6b249cb0e79a0f1c04599667e.webp","C:\Users\sinek\Desktop\maxi-trouvaille\business-maxi-trouvailles\rapatriement-jarvis-20260609-181603\ancien-maxi-trouvaille\assets\imag\4bb5aa6cd59445b6b249cb0e79a0f1c04599667e.webp","41312","05/05/2026 10:00:04"
"C:\Users\sinek\Desktop\MAXI_TROUVAILLE\assets\imag\da68981c02b8239e6b01c77b91b851e430b40e42.webp","C:\Users\sinek\Desktop\maxi-trouvaille\business-maxi-trouvailles\rapatriement-jarvis-20260609-181603\ancien-maxi-trouvaille\assets\imag\da68981c02b8239e6b01c77b91b851e430b40e42.webp","32148","05/05/2026 10:00:06"
"C:\Users\sinek\Desktop\MAXI_TROUVAILLE\assets\imag\dac0128d7a15cf2e9a297167d4a79516acc1e8fd.webp","C:\Users\sinek\Desktop\maxi-trouvaille\business-maxi-trouvailles\rapatriement-jarvis-20260609-181603\ancien-maxi-trouvaille\assets\imag\dac0128d7a15cf2e9a297167d4a79516acc1e8fd.webp","41756","05/05/2026 10:00:02"
"C:\Users\sinek\Desktop\MAXI_TROUVAILLE\backups\maxi-trouvaille_business_source_before_jarvis_20260521_143731.zip","C:\Users\sinek\Desktop\maxi-trouvaille\business-maxi-trouvailles\rapatriement-jarvis-20260609-181603\ancien-maxi-trouvaille\backups\maxi-trouvaille_business_source_before_jarvis_20260521_143731.zip","15626372","21/05/2026 14:37:35"
"C:\Users\sinek\Desktop\MAXI_TROUVAILLE\rapport.txt","C:\Users\sinek\Desktop\maxi-trouvaille\business-maxi-trouvailles\rapatriement-jarvis-20260609-181603\ancien-maxi-trouvaille\rapport.txt","8434","06/05/2026 09:05:51"
"C:\Users\sinek\Desktop\MAXI_TROUVAILLE\scripts\create_tiktok_palette_video.py","C:\Users\sinek\Desktop\maxi-trouvaille\business-maxi-trouvailles\rapatriement-jarvis-20260609-181603\ancien-maxi-trouvaille\scripts\create_tiktok_palette_video.py","9869","05/05/2026 20:46:04"
"C:\Users\sinek\Desktop\MAXI_TROUVAILLE\scripts\create_tiktok_selection_video.py","C:\Users\sinek\Desktop\maxi-trouvaille\business-maxi-trouvailles\rapatriement-jarvis-20260609-181603\ancien-maxi-trouvaille\scripts\create_tiktok_selection_video.py","9655","06/05/2026 02:24:13"
"C:\Users\sinek\Desktop\MAXI_TROUVAILLE\scripts\create_tiktok_video.py","C:\Users\sinek\Desktop\maxi-trouvaille\business-maxi-trouvailles\rapatriement-jarvis-20260609-181603\ancien-maxi-trouvaille\scripts\create_tiktok_video.py","5992","05/05/2026 13:54:59"
"C:\Users\sinek\Desktop\MAXI_TROUVAILLE\scripts\create_tiktok_voice_video.py","C:\Users\sinek\Desktop\maxi-trouvaille\business-maxi-trouvailles\rapatriement-jarvis-20260609-181603\ancien-maxi-trouvaille\scripts\create_tiktok_voice_video.py","7223","05/05/2026 19:10:44"
"C:\Users\sinek\Desktop\MAXI_TROUVAILLE\scripts\generate_partner_tiktok_ads.py","C:\Users\sinek\Desktop\maxi-trouvaille\business-maxi-trouvailles\rapatriement-jarvis-20260609-181603\ancien-maxi-trouvaille\scripts\generate_partner_tiktok_ads.py","10608","06/05/2026 09:01:35"
"C:\Users\sinek\Desktop\MAXI_TROUVAILLE\scripts\maxi_tiktok_factory.py","C:\Users\sinek\Desktop\maxi-trouvaille\business-maxi-trouvailles\rapatriement-jarvis-20260609-181603\ancien-maxi-trouvaille\scripts\maxi_tiktok_factory.py","18349","06/05/2026 02:31:31"
"C:\Users\sinek\Desktop\MAXI_TROUVAILLE\scripts\publish_latest_tiktok.js","C:\Users\sinek\Desktop\maxi-trouvaille\business-maxi-trouvailles\rapatriement-jarvis-20260609-181603\ancien-maxi-trouvaille\scripts\publish_latest_tiktok.js","5663","06/05/2026 02:35:46"
"C:\Users\sinek\Desktop\maxi-trouvaille\business-maxi-trouvailles\API_KEYS_REQUIRED.md","C:\Users\sinek\Desktop\maxi-trouvaille\business-maxi-trouvailles\rapatriement-jarvis-20260609-181603\current-couches-snapshot\API_KEYS_REQUIRED.md","1613","21/05/2026 14:40:28"
"C:\Users\sinek\Desktop\maxi-trouvaille\business-maxi-trouvailles\api-config\api_keys.template.env","C:\Users\sinek\Desktop\maxi-trouvaille\business-maxi-trouvailles\rapatriement-jarvis-20260609-181603\current-couches-snapshot\api-config\api_keys.template.env","595","21/05/2026 14:40:28"
"C:\Users\sinek\Desktop\maxi-trouvaille\business-maxi-trouvailles\COMMANDES_VOCALES.md","C:\Users\sinek\Desktop\maxi-trouvaille\business-maxi-trouvailles\rapatriement-jarvis-20260609-181603\current-couches-snapshot\COMMANDES_VOCALES.md","750","21/05/2026 14:40:28"
"C:\Users\sinek\Desktop\maxi-trouvaille\business-maxi-trouvailles\docs\AUDIT_EXISTANT_20260521.md","C:\Users\sinek\Desktop\maxi-trouvaille\business-maxi-trouvailles\rapatriement-jarvis-20260609-181603\current-couches-snapshot\docs\AUDIT_EXISTANT_20260521.md","1182","21/05/2026 14:40:28"
"C:\Users\sinek\Desktop\maxi-trouvaille\business-maxi-trouvailles\docs\WORKFLOW_AUDIT_IMAGES_PARTENAIRES_20260605.md","C:\Users\sinek\Desktop\maxi-trouvaille\business-maxi-trouvailles\rapatriement-jarvis-20260609-181603\current-couches-snapshot\docs\WORKFLOW_AUDIT_IMAGES_PARTENAIRES_20260605.md","2494","05/06/2026 08:03:43"
"C:\Users\sinek\Desktop\maxi-trouvaille\business-maxi-trouvailles\produits-a-valider\.gitkeep","C:\Users\sinek\Desktop\maxi-trouvaille\business-maxi-trouvailles\rapatriement-jarvis-20260609-181603\current-couches-snapshot\produits-a-valider\.gitkeep","1","21/05/2026 14:40:28"
"C:\Users\sinek\Desktop\maxi-trouvaille\business-maxi-trouvailles\produits-a-valider\20260521_124329_produit_fictif.json","C:\Users\sinek\Desktop\maxi-trouvaille\business-maxi-trouvailles\rapatriement-jarvis-20260609-181603\current-couches-snapshot\produits-a-valider\20260521_124329_produit_fictif.json","1294","21/05/2026 14:43:29"
"C:\Users\sinek\Desktop\maxi-trouvaille\business-maxi-trouvailles\produits-a-valider\20260522_134632_candidats_produits.json","C:\Users\sinek\Desktop\maxi-trouvaille\business-maxi-trouvailles\rapatriement-jarvis-20260609-181603\current-couches-snapshot\produits-a-valider\20260522_134632_candidats_produits.json","11338","22/05/2026 15:46:32"
"C:\Users\sinek\Desktop\maxi-trouvaille\business-maxi-trouvailles\produits-a-valider\20260522_134714_candidats_produits.json","C:\Users\sinek\Desktop\maxi-trouvaille\business-maxi-trouvailles\rapatriement-jarvis-20260609-181603\current-couches-snapshot\produits-a-valider\20260522_134714_candidats_produits.json","11338","22/05/2026 15:47:14"
"C:\Users\sinek\Desktop\maxi-trouvaille\business-maxi-trouvailles\produits-a-valider\20260522_134737_candidats_produits.json","C:\Users\sinek\Desktop\maxi-trouvaille\business-maxi-trouvailles\rapatriement-jarvis-20260609-181603\current-couches-snapshot\produits-a-valider\20260522_134737_candidats_produits.json","11338","22/05/2026 15:47:37"
"C:\Users\sinek\Desktop\maxi-trouvaille\business-maxi-trouvailles\produits-a-valider\20260522_145143_candidats_produits.json","C:\Users\sinek\Desktop\maxi-trouvaille\business-maxi-trouvailles\rapatriement-jarvis-20260609-181603\current-couches-snapshot\produits-a-valider\20260522_145143_candidats_produits.json","11338","22/05/2026 16:51:43"
"C:\Users\sinek\Desktop\maxi-trouvaille\business-maxi-trouvailles\produits-a-valider\latest_candidates.json","C:\Users\sinek\Desktop\maxi-trouvaille\business-maxi-trouvailles\rapatriement-jarvis-20260609-181603\current-couches-snapshot\produits-a-valider\latest_candidates.json","11338","22/05/2026 16:51:43"
"C:\Users\sinek\Desktop\maxi-trouvaille\business-maxi-trouvailles\produits-a-valider\organisateur-de-cables-de-voyage-compact_20260523_084322\A_VALIDER_PAR_MOUSS.md","C:\Users\sinek\Desktop\maxi-trouvaille\business-maxi-trouvailles\rapatriement-jarvis-20260609-181603\current-couches-snapshot\produits-a-valider\organisateur-de-cables-de-voyage-compact_20260523_084322\A_VALIDER_PAR_MOUSS.md","1858","23/05/2026 08:43:22"
"C:\Users\sinek\Desktop\maxi-trouvaille\business-maxi-trouvailles\produits-a-valider\organisateur-de-cables-de-voyage-compact_20260523_084322\garde_import.txt","C:\Users\sinek\Desktop\maxi-trouvaille\business-maxi-trouvailles\rapatriement-jarvis-20260609-181603\current-couches-snapshot\produits-a-valider\organisateur-de-cables-de-voyage-compact_20260523_084322\garde_import.txt","176","23/05/2026 08:43:22"
"C:\Users\sinek\Desktop\maxi-trouvaille\business-maxi-trouvailles\produits-a-valider\organisateur-de-cables-de-voyage-compact_20260523_084322\liens_scripts_pubs.txt","C:\Users\sinek\Desktop\maxi-trouvaille\business-maxi-trouvailles\rapatriement-jarvis-20260609-181603\current-couches-snapshot\produits-a-valider\organisateur-de-cables-de-voyage-compact_20260523_084322\liens_scripts_pubs.txt","820","23/05/2026 08:43:22"
"C:\Users\sinek\Desktop\maxi-trouvaille\business-maxi-trouvailles\produits-a-valider\organisateur-de-cables-de-voyage-compact_20260523_084322\manifest.json","C:\Users\sinek\Desktop\maxi-trouvaille\business-maxi-trouvailles\rapatriement-jarvis-20260609-181603\current-couches-snapshot\produits-a-valider\organisateur-de-cables-de-voyage-compact_20260523_084322\manifest.json","7248","23/05/2026 08:43:22"
"C:\Users\sinek\Desktop\maxi-trouvaille\business-maxi-trouvailles\produits-a-valider\organisateur-de-cables-de-voyage-compact_20260523_084322\README.txt","C:\Users\sinek\Desktop\maxi-trouvaille\business-maxi-trouvailles\rapatriement-jarvis-20260609-181603\current-couches-snapshot\produits-a-valider\organisateur-de-cables-de-voyage-compact_20260523_084322\README.txt","255","23/05/2026 08:43:22"
"C:\Users\sinek\Desktop\maxi-trouvaille\business-maxi-trouvailles\produits-a-valider\organisateur-de-cables-de-voyage-compact_20260523_084346\A_VALIDER_PAR_MOUSS.md","C:\Users\sinek\Desktop\maxi-trouvaille\business-maxi-trouvailles\rapatriement-jarvis-20260609-181603\current-couches-snapshot\produits-a-valider\organisateur-de-cables-de-voyage-compact_20260523_084346\A_VALIDER_PAR_MOUSS.md","1858","23/05/2026 08:43:46"
"C:\Users\sinek\Desktop\maxi-trouvaille\business-maxi-trouvailles\produits-a-valider\organisateur-de-cables-de-voyage-compact_20260523_084346\garde_import.txt","C:\Users\sinek\Desktop\maxi-trouvaille\business-maxi-trouvailles\rapatriement-jarvis-20260609-181603\current-couches-snapshot\produits-a-valider\organisateur-de-cables-de-voyage-compact_20260523_084346\garde_import.txt","176","23/05/2026 08:43:46"
"C:\Users\sinek\Desktop\maxi-trouvaille\business-maxi-trouvailles\produits-a-valider\organisateur-de-cables-de-voyage-compact_20260523_084346\liens_scripts_pubs.txt","C:\Users\sinek\Desktop\maxi-trouvaille\business-maxi-trouvailles\rapatriement-jarvis-20260609-181603\current-couches-snapshot\produits-a-valider\organisateur-de-cables-de-voyage-compact_20260523_084346\liens_scripts_pubs.txt","820","23/05/2026 08:43:46"
"C:\Users\sinek\Desktop\maxi-trouvaille\business-maxi-trouvailles\produits-a-valider\organisateur-de-cables-de-voyage-compact_20260523_084346\manifest.json","C:\Users\sinek\Desktop\maxi-trouvaille\business-maxi-trouvailles\rapatriement-jarvis-20260609-181603\current-couches-snapshot\produits-a-valider\organisateur-de-cables-de-voyage-compact_20260523_084346\manifest.json","7248","23/05/2026 08:43:46"
"C:\Users\sinek\Desktop\maxi-trouvaille\business-maxi-trouvailles\produits-a-valider\organisateur-de-cables-de-voyage-compact_20260523_084346\README.txt","C:\Users\sinek\Desktop\maxi-trouvaille\business-maxi-trouvailles\rapatriement-jarvis-20260609-181603\current-couches-snapshot\produits-a-valider\organisateur-de-cables-de-voyage-compact_20260523_084346\README.txt","255","23/05/2026 08:43:46"
"C:\Users\sinek\Desktop\maxi-trouvaille\business-maxi-trouvailles\produits-a-valider\organisateur-de-cables-de-voyage-compact_20260523_121528\A_VALIDER_PAR_MOUSS.md","C:\Users\sinek\Desktop\maxi-trouvaille\business-maxi-trouvailles\rapatriement-jarvis-20260609-181603\current-couches-snapshot\produits-a-valider\organisateur-de-cables-de-voyage-compact_20260523_121528\A_VALIDER_PAR_MOUSS.md","1858","23/05/2026 12:15:28"
"C:\Users\sinek\Desktop\maxi-trouvaille\business-maxi-trouvailles\produits-a-valider\organisateur-de-cables-de-voyage-compact_20260523_121528\garde_import.txt","C:\Users\sinek\Desktop\maxi-trouvaille\business-maxi-trouvailles\rapatriement-jarvis-20260609-181603\current-couches-snapshot\produits-a-valider\organisateur-de-cables-de-voyage-compact_20260523_121528\garde_import.txt","176","23/05/2026 12:15:28"
"C:\Users\sinek\Desktop\maxi-trouvaille\business-maxi-trouvailles\produits-a-valider\organisateur-de-cables-de-voyage-compact_20260523_121528\liens_scripts_pubs.txt","C:\Users\sinek\Desktop\maxi-trouvaille\business-maxi-trouvailles\rapatriement-jarvis-20260609-181603\current-couches-snapshot\produits-a-valider\organisateur-de-cables-de-voyage-compact_20260523_121528\liens_scripts_pubs.txt","820","23/05/2026 12:15:28"
"C:\Users\sinek\Desktop\maxi-trouvaille\business-maxi-trouvailles\produits-a-valider\organisateur-de-cables-de-voyage-compact_20260523_121528\manifest.json","C:\Users\sinek\Desktop\maxi-trouvaille\business-maxi-trouvailles\rapatriement-jarvis-20260609-181603\current-couches-snapshot\produits-a-valider\organisateur-de-cables-de-voyage-compact_20260523_121528\manifest.json","7248","23/05/2026 12:15:28"
"C:\Users\sinek\Desktop\maxi-trouvaille\business-maxi-trouvailles\produits-a-valider\organisateur-de-cables-de-voyage-compact_20260523_121528\README.txt","C:\Users\sinek\Desktop\maxi-trouvaille\business-maxi-trouvailles\rapatriement-jarvis-20260609-181603\current-couches-snapshot\produits-a-valider\organisateur-de-cables-de-voyage-compact_20260523_121528\README.txt","255","23/05/2026 12:15:28"
"C:\Users\sinek\Desktop\maxi-trouvaille\business-maxi-trouvailles\produits-a-valider\organisateur-de-cables-de-voyage-compact_20260523_122413\A_VALIDER_PAR_MOUSS.md","C:\Users\sinek\Desktop\maxi-trouvaille\business-maxi-trouvailles\rapatriement-jarvis-20260609-181603\current-couches-snapshot\produits-a-valider\organisateur-de-cables-de-voyage-compact_20260523_122413\A_VALIDER_PAR_MOUSS.md","1858","23/05/2026 12:24:13"
"C:\Users\sinek\Desktop\maxi-trouvaille\business-maxi-trouvailles\produits-a-valider\organisateur-de-cables-de-voyage-compact_20260523_122413\garde_import.txt","C:\Users\sinek\Desktop\maxi-trouvaille\business-maxi-trouvailles\rapatriement-jarvis-20260609-181603\current-couches-snapshot\produits-a-valider\organisateur-de-cables-de-voyage-compact_20260523_122413\garde_import.txt","176","23/05/2026 12:24:13"
"C:\Users\sinek\Desktop\maxi-trouvaille\business-maxi-trouvailles\produits-a-valider\organisateur-de-cables-de-voyage-compact_20260523_122413\liens_scripts_pubs.txt","C:\Users\sinek\Desktop\maxi-trouvaille\business-maxi-trouvailles\rapatriement-jarvis-20260609-181603\current-couches-snapshot\produits-a-valider\organisateur-de-cables-de-voyage-compact_20260523_122413\liens_scripts_pubs.txt","820","23/05/2026 12:24:13"
"C:\Users\sinek\Desktop\maxi-trouvaille\business-maxi-trouvailles\produits-a-valider\organisateur-de-cables-de-voyage-compact_20260523_122413\manifest.json","C:\Users\sinek\Desktop\maxi-trouvaille\business-maxi-trouvailles\rapatriement-jarvis-20260609-181603\current-couches-snapshot\produits-a-valider\organisateur-de-cables-de-voyage-compact_20260523_122413\manifest.json","7248","23/05/2026 12:24:13"
"C:\Users\sinek\Desktop\maxi-trouvaille\business-maxi-trouvailles\produits-a-valider\organisateur-de-cables-de-voyage-compact_20260523_122413\README.txt","C:\Users\sinek\Desktop\maxi-trouvaille\business-maxi-trouvailles\rapatriement-jarvis-20260609-181603\current-couches-snapshot\produits-a-valider\organisateur-de-cables-de-voyage-compact_20260523_122413\README.txt","255","23/05/2026 12:24:13"
"C:\Users\sinek\Desktop\maxi-trouvaille\business-maxi-trouvailles\produits-a-valider\organisateur-de-cables-de-voyage-compact_20260523_124353\A_VALIDER_PAR_MOUSS.md","C:\Users\sinek\Desktop\maxi-trouvaille\business-maxi-trouvailles\rapatriement-jarvis-20260609-181603\current-couches-snapshot\produits-a-valider\organisateur-de-cables-de-voyage-compact_20260523_124353\A_VALIDER_PAR_MOUSS.md","1858","23/05/2026 12:43:53"
"C:\Users\sinek\Desktop\maxi-trouvaille\business-maxi-trouvailles\produits-a-valider\organisateur-de-cables-de-voyage-compact_20260523_124353\garde_import.txt","C:\Users\sinek\Desktop\maxi-trouvaille\business-maxi-trouvailles\rapatriement-jarvis-20260609-181603\current-couches-snapshot\produits-a-valider\organisateur-de-cables-de-voyage-compact_20260523_124353\garde_import.txt","176","23/05/2026 12:43:53"
"C:\Users\sinek\Desktop\maxi-trouvaille\business-maxi-trouvailles\produits-a-valider\organisateur-de-cables-de-voyage-compact_20260523_124353\liens_scripts_pubs.txt","C:\Users\sinek\Desktop\maxi-trouvaille\business-maxi-trouvailles\rapatriement-jarvis-20260609-181603\current-couches-snapshot\produits-a-valider\organisateur-de-cables-de-voyage-compact_20260523_124353\liens_scripts_pubs.txt","820","23/05/2026 12:43:53"
"C:\Users\sinek\Desktop\maxi-trouvaille\business-maxi-trouvailles\produits-a-valider\organisateur-de-cables-de-voyage-compact_20260523_124353\manifest.json","C:\Users\sinek\Desktop\maxi-trouvaille\business-maxi-trouvailles\rapatriement-jarvis-20260609-181603\current-couches-snapshot\produits-a-valider\organisateur-de-cables-de-voyage-compact_20260523_124353\manifest.json","7248","23/05/2026 12:43:53"
"C:\Users\sinek\Desktop\maxi-trouvaille\business-maxi-trouvailles\produits-a-valider\organisateur-de-cables-de-voyage-compact_20260523_124353\README.txt","C:\Users\sinek\Desktop\maxi-trouvaille\business-maxi-trouvailles\rapatriement-jarvis-20260609-181603\current-couches-snapshot\produits-a-valider\organisateur-de-cables-de-voyage-compact_20260523_124353\README.txt","255","23/05/2026 12:43:53"
"C:\Users\sinek\Desktop\maxi-trouvaille\business-maxi-trouvailles\produits-a-valider\organisateur-de-cables-de-voyage-compact_20260523_130345\A_VALIDER_PAR_MOUSS.md","C:\Users\sinek\Desktop\maxi-trouvaille\business-maxi-trouvailles\rapatriement-jarvis-20260609-181603\current-couches-snapshot\produits-a-valider\organisateur-de-cables-de-voyage-compact_20260523_130345\A_VALIDER_PAR_MOUSS.md","1977","05/06/2026 16:08:03"
"C:\Users\sinek\Desktop\maxi-trouvaille\business-maxi-trouvailles\produits-a-valider\organisateur-de-cables-de-voyage-compact_20260523_130345\DECISION_MOUSS_A_REMPLIR.md","C:\Users\sinek\Desktop\maxi-trouvaille\business-maxi-trouvailles\rapatriement-jarvis-20260609-181603\current-couches-snapshot\produits-a-valider\organisateur-de-cables-de-voyage-compact_20260523_130345\DECISION_MOUSS_A_REMPLIR.md","919","23/05/2026 14:03:34"
"C:\Users\sinek\Desktop\maxi-trouvaille\business-maxi-trouvailles\produits-a-valider\organisateur-de-cables-de-voyage-compact_20260523_130345\garde_import.txt","C:\Users\sinek\Desktop\maxi-trouvaille\business-maxi-trouvailles\rapatriement-jarvis-20260609-181603\current-couches-snapshot\produits-a-valider\organisateur-de-cables-de-voyage-compact_20260523_130345\garde_import.txt","176","05/06/2026 16:08:03"
"C:\Users\sinek\Desktop\maxi-trouvaille\business-maxi-trouvailles\produits-a-valider\organisateur-de-cables-de-voyage-compact_20260523_130345\liens_scripts_pubs.txt","C:\Users\sinek\Desktop\maxi-trouvaille\business-maxi-trouvailles\rapatriement-jarvis-20260609-181603\current-couches-snapshot\produits-a-valider\organisateur-de-cables-de-voyage-compact_20260523_130345\liens_scripts_pubs.txt","820","05/06/2026 16:08:03"
"C:\Users\sinek\Desktop\maxi-trouvaille\business-maxi-trouvailles\produits-a-valider\organisateur-de-cables-de-voyage-compact_20260523_130345\manifest.json","C:\Users\sinek\Desktop\maxi-trouvaille\business-maxi-trouvailles\rapatriement-jarvis-20260609-181603\current-couches-snapshot\produits-a-valider\organisateur-de-cables-de-voyage-compact_20260523_130345\manifest.json","7750","05/06/2026 16:08:03"
"C:\Users\sinek\Desktop\maxi-trouvaille\business-maxi-trouvailles\produits-a-valider\organisateur-de-cables-de-voyage-compact_20260523_130345\README.txt","C:\Users\sinek\Desktop\maxi-trouvaille\business-maxi-trouvailles\rapatriement-jarvis-20260609-181603\current-couches-snapshot\produits-a-valider\organisateur-de-cables-de-voyage-compact_20260523_130345\README.txt","420","05/06/2026 16:08:03"
"C:\Users\sinek\Desktop\maxi-trouvaille\business-maxi-trouvailles\produits-a-valider\recherche_produits_20260522_131142.html","C:\Users\sinek\Desktop\maxi-trouvaille\business-maxi-trouvailles\rapatriement-jarvis-20260609-181603\current-couches-snapshot\produits-a-valider\recherche_produits_20260522_131142.html","2527","22/05/2026 13:11:42"
"C:\Users\sinek\Desktop\maxi-trouvaille\business-maxi-trouvailles\produits-a-valider\recherche_produits_20260522_135045.html","C:\Users\sinek\Desktop\maxi-trouvaille\business-maxi-trouvailles\rapatriement-jarvis-20260609-181603\current-couches-snapshot\produits-a-valider\recherche_produits_20260522_135045.html","3452","22/05/2026 13:50:45"
"C:\Users\sinek\Desktop\maxi-trouvaille\business-maxi-trouvailles\produits-a-valider\recherche_produits_20260522_135900.html","C:\Users\sinek\Desktop\maxi-trouvaille\business-maxi-trouvailles\rapatriement-jarvis-20260609-181603\current-couches-snapshot\produits-a-valider\recherche_produits_20260522_135900.html","2670","22/05/2026 13:59:00"
"C:\Users\sinek\Desktop\maxi-trouvaille\business-maxi-trouvailles\produits-a-valider\recherche_produits_20260523_175201.html","C:\Users\sinek\Desktop\maxi-trouvaille\business-maxi-trouvailles\rapatriement-jarvis-20260609-181603\current-couches-snapshot\produits-a-valider\recherche_produits_20260523_175201.html","2608","23/05/2026 17:52:01"
"C:\Users\sinek\Desktop\maxi-trouvaille\business-maxi-trouvailles\produits-a-valider\recherche_produits_20260527_115158.html","C:\Users\sinek\Desktop\maxi-trouvaille\business-maxi-trouvailles\rapatriement-jarvis-20260609-181603\current-couches-snapshot\produits-a-valider\recherche_produits_20260527_115158.html","2706","27/05/2026 11:51:58"
"C:\Users\sinek\Desktop\maxi-trouvaille\business-maxi-trouvailles\produits-a-valider\selection_couche_006_20260527.json","C:\Users\sinek\Desktop\maxi-trouvaille\business-maxi-trouvailles\rapatriement-jarvis-20260609-181603\current-couches-snapshot\produits-a-valider\selection_couche_006_20260527.json","93712","27/05/2026 22:55:39"
"C:\Users\sinek\Desktop\maxi-trouvaille\business-maxi-trouvailles\produits-a-valider\selection_couche_006_20260527.md","C:\Users\sinek\Desktop\maxi-trouvaille\business-maxi-trouvailles\rapatriement-jarvis-20260609-181603\current-couches-snapshot\produits-a-valider\selection_couche_006_20260527.md","17624","27/05/2026 22:55:39"
"C:\Users\sinek\Desktop\maxi-trouvaille\business-maxi-trouvailles\README_BUSINESS.md","C:\Users\sinek\Desktop\maxi-trouvaille\business-maxi-trouvailles\rapatriement-jarvis-20260609-181603\current-couches-snapshot\README_BUSINESS.md","900","22/05/2026 13:57:36"
"C:\Users\sinek\Desktop\maxi-trouvaille\business-maxi-trouvailles\RISQUES_ET_SECURITE.md","C:\Users\sinek\Desktop\maxi-trouvaille\business-maxi-trouvailles\rapatriement-jarvis-20260609-181603\current-couches-snapshot\RISQUES_ET_SECURITE.md","2012","21/05/2026 14:40:28"
"C:\Users\sinek\Desktop\maxi-trouvaille\business-maxi-trouvailles\sauvegardes\.gitkeep","C:\Users\sinek\Desktop\maxi-trouvaille\business-maxi-trouvailles\rapatriement-jarvis-20260609-181603\current-couches-snapshot\sauvegardes\.gitkeep","1","21/05/2026 14:40:28"
"C:\Users\sinek\Desktop\maxi-trouvaille\business-maxi-trouvailles\sauvegardes\couche_002_partenaires_aliexpress_20260527_115543\data\quick-products.json","C:\Users\sinek\Desktop\maxi-trouvaille\business-maxi-trouvailles\rapatriement-jarvis-20260609-181603\current-couches-snapshot\sauvegardes\couche_002_partenaires_aliexpress_20260527_115543\data\quick-products.json","29723","05/05/2026 13:57:25"
"C:\Users\sinek\Desktop\maxi-trouvaille\business-maxi-trouvailles\sauvegardes\couche_002_partenaires_aliexpress_20260527_115543\package.json","C:\Users\sinek\Desktop\maxi-trouvaille\business-maxi-trouvailles\rapatriement-jarvis-20260609-181603\current-couches-snapshot\sauvegardes\couche_002_partenaires_aliexpress_20260527_115543\package.json","1228","27/05/2026 11:42:25"
"C:\Users\sinek\Desktop\maxi-trouvaille\business-maxi-trouvailles\sauvegardes\couche_002_partenaires_aliexpress_20260527_115543\README.md","C:\Users\sinek\Desktop\maxi-trouvaille\business-maxi-trouvailles\rapatriement-jarvis-20260609-181603\current-couches-snapshot\sauvegardes\couche_002_partenaires_aliexpress_20260527_115543\README.md","2639","05/05/2026 10:54:43"
"C:\Users\sinek\Desktop\maxi-trouvaille\business-maxi-trouvailles\sauvegardes\couche_002_partenaires_aliexpress_20260527_115543\src\app\api\admin\dropshipping\import\route.ts","C:\Users\sinek\Desktop\maxi-trouvaille\business-maxi-trouvailles\rapatriement-jarvis-20260609-181603\current-couches-snapshot\sauvegardes\couche_002_partenaires_aliexpress_20260527_115543\src\app\api\admin\dropshipping\import\route.ts","5369","21/05/2026 19:09:12"
"C:\Users\sinek\Desktop\maxi-trouvaille\business-maxi-trouvailles\sauvegardes\couche_002_partenaires_aliexpress_20260527_115543\src\app\api\admin\products\[slug]\route.ts","C:\Users\sinek\Desktop\maxi-trouvaille\business-maxi-trouvailles\rapatriement-jarvis-20260609-181603\current-couches-snapshot\sauvegardes\couche_002_partenaires_aliexpress_20260527_115543\src\app\api\admin\products\[slug]\route.ts","9517","12/05/2026 14:56:08"
"C:\Users\sinek\Desktop\maxi-trouvaille\business-maxi-trouvailles\sauvegardes\couche_002_partenaires_aliexpress_20260527_115543\src\app\api\admin\products\route.ts","C:\Users\sinek\Desktop\maxi-trouvaille\business-maxi-trouvailles\rapatriement-jarvis-20260609-181603\current-couches-snapshot\sauvegardes\couche_002_partenaires_aliexpress_20260527_115543\src\app\api\admin\products\route.ts","3396","05/05/2026 09:25:58"
"C:\Users\sinek\Desktop\maxi-trouvaille\business-maxi-trouvailles\sauvegardes\couche_002_partenaires_aliexpress_20260527_115543\src\app\boutique\page.tsx","C:\Users\sinek\Desktop\maxi-trouvaille\business-maxi-trouvailles\rapatriement-jarvis-20260609-181603\current-couches-snapshot\sauvegardes\couche_002_partenaires_aliexpress_20260527_115543\src\app\boutique\page.tsx","3101","12/05/2026 15:05:59"
"C:\Users\sinek\Desktop\maxi-trouvaille\business-maxi-trouvailles\sauvegardes\couche_002_partenaires_aliexpress_20260527_115543\src\app\categories\[slug]\page.tsx","C:\Users\sinek\Desktop\maxi-trouvaille\business-maxi-trouvailles\rapatriement-jarvis-20260609-181603\current-couches-snapshot\sauvegardes\couche_002_partenaires_aliexpress_20260527_115543\src\app\categories\[slug]\page.tsx","3819","03/05/2026 15:41:42"
"C:\Users\sinek\Desktop\maxi-trouvaille\business-maxi-trouvailles\sauvegardes\couche_002_partenaires_aliexpress_20260527_115543\src\app\categories\page.tsx","C:\Users\sinek\Desktop\maxi-trouvaille\business-maxi-trouvailles\rapatriement-jarvis-20260609-181603\current-couches-snapshot\sauvegardes\couche_002_partenaires_aliexpress_20260527_115543\src\app\categories\page.tsx","732","12/05/2026 14:58:34"
"C:\Users\sinek\Desktop\maxi-trouvaille\business-maxi-trouvailles\sauvegardes\couche_002_partenaires_aliexpress_20260527_115543\src\app\conditions-dropshipping\page.tsx","C:\Users\sinek\Desktop\maxi-trouvaille\business-maxi-trouvailles\rapatriement-jarvis-20260609-181603\current-couches-snapshot\sauvegardes\couche_002_partenaires_aliexpress_20260527_115543\src\app\conditions-dropshipping\page.tsx","2004","12/05/2026 15:00:44"
"C:\Users\sinek\Desktop\maxi-trouvaille\business-maxi-trouvailles\sauvegardes\couche_002_partenaires_aliexpress_20260527_115543\src\app\dropshipping\page.tsx","C:\Users\sinek\Desktop\maxi-trouvaille\business-maxi-trouvailles\rapatriement-jarvis-20260609-181603\current-couches-snapshot\sauvegardes\couche_002_partenaires_aliexpress_20260527_115543\src\app\dropshipping\page.tsx","5726","12/05/2026 14:57:32"
"C:\Users\sinek\Desktop\maxi-trouvaille\business-maxi-trouvailles\sauvegardes\couche_002_partenaires_aliexpress_20260527_115543\src\app\faq\page.tsx","C:\Users\sinek\Desktop\maxi-trouvaille\business-maxi-trouvailles\rapatriement-jarvis-20260609-181603\current-couches-snapshot\sauvegardes\couche_002_partenaires_aliexpress_20260527_115543\src\app\faq\page.tsx","2118","12/05/2026 15:01:01"
"C:\Users\sinek\Desktop\maxi-trouvaille\business-maxi-trouvailles\sauvegardes\couche_002_partenaires_aliexpress_20260527_115543\src\app\layout.tsx","C:\Users\sinek\Desktop\maxi-trouvaille\business-maxi-trouvailles\rapatriement-jarvis-20260609-181603\current-couches-snapshot\sauvegardes\couche_002_partenaires_aliexpress_20260527_115543\src\app\layout.tsx","2178","03/05/2026 15:48:06"
"C:\Users\sinek\Desktop\maxi-trouvaille\business-maxi-trouvailles\sauvegardes\couche_002_partenaires_aliexpress_20260527_115543\src\app\livraison\page.tsx","C:\Users\sinek\Desktop\maxi-trouvaille\business-maxi-trouvailles\rapatriement-jarvis-20260609-181603\current-couches-snapshot\sauvegardes\couche_002_partenaires_aliexpress_20260527_115543\src\app\livraison\page.tsx","3139","12/05/2026 15:01:20"
"C:\Users\sinek\Desktop\maxi-trouvaille\business-maxi-trouvailles\sauvegardes\couche_002_partenaires_aliexpress_20260527_115543\src\app\manifest.ts","C:\Users\sinek\Desktop\maxi-trouvaille\business-maxi-trouvailles\rapatriement-jarvis-20260609-181603\current-couches-snapshot\sauvegardes\couche_002_partenaires_aliexpress_20260527_115543\src\app\manifest.ts","1075","01/05/2026 17:05:10"
"C:\Users\sinek\Desktop\maxi-trouvaille\business-maxi-trouvailles\sauvegardes\couche_002_partenaires_aliexpress_20260527_115543\src\app\page.tsx","C:\Users\sinek\Desktop\maxi-trouvaille\business-maxi-trouvailles\rapatriement-jarvis-20260609-181603\current-couches-snapshot\sauvegardes\couche_002_partenaires_aliexpress_20260527_115543\src\app\page.tsx","4645","12/05/2026 15:04:37"
"C:\Users\sinek\Desktop\maxi-trouvaille\business-maxi-trouvailles\sauvegardes\couche_002_partenaires_aliexpress_20260527_115543\src\app\produit\[slug]\page.tsx","C:\Users\sinek\Desktop\maxi-trouvaille\business-maxi-trouvailles\rapatriement-jarvis-20260609-181603\current-couches-snapshot\sauvegardes\couche_002_partenaires_aliexpress_20260527_115543\src\app\produit\[slug]\page.tsx","11557","12/05/2026 14:40:47"
"C:\Users\sinek\Desktop\maxi-trouvaille\business-maxi-trouvailles\sauvegardes\couche_002_partenaires_aliexpress_20260527_115543\src\app\sitemap.ts","C:\Users\sinek\Desktop\maxi-trouvaille\business-maxi-trouvailles\rapatriement-jarvis-20260609-181603\current-couches-snapshot\sauvegardes\couche_002_partenaires_aliexpress_20260527_115543\src\app\sitemap.ts","1170","12/05/2026 15:04:02"
"C:\Users\sinek\Desktop\maxi-trouvaille\business-maxi-trouvailles\sauvegardes\couche_002_partenaires_aliexpress_20260527_115543\src\components\CategoryGrid.tsx","C:\Users\sinek\Desktop\maxi-trouvaille\business-maxi-trouvailles\rapatriement-jarvis-20260609-181603\current-couches-snapshot\sauvegardes\couche_002_partenaires_aliexpress_20260527_115543\src\components\CategoryGrid.tsx","8548","27/05/2026 11:42:16"
"C:\Users\sinek\Desktop\maxi-trouvaille\business-maxi-trouvailles\sauvegardes\couche_002_partenaires_aliexpress_20260527_115543\src\components\Footer.tsx","C:\Users\sinek\Desktop\maxi-trouvaille\business-maxi-trouvailles\rapatriement-jarvis-20260609-181603\current-couches-snapshot\sauvegardes\couche_002_partenaires_aliexpress_20260527_115543\src\components\Footer.tsx","2800","12/05/2026 14:57:58"
"C:\Users\sinek\Desktop\maxi-trouvaille\business-maxi-trouvailles\sauvegardes\couche_002_partenaires_aliexpress_20260527_115543\src\components\Header.tsx","C:\Users\sinek\Desktop\maxi-trouvaille\business-maxi-trouvailles\rapatriement-jarvis-20260609-181603\current-couches-snapshot\sauvegardes\couche_002_partenaires_aliexpress_20260527_115543\src\components\Header.tsx","4002","12/05/2026 14:57:41"
"C:\Users\sinek\Desktop\maxi-trouvaille\business-maxi-trouvailles\sauvegardes\couche_002_partenaires_aliexpress_20260527_115543\src\components\HeroCarousel.tsx","C:\Users\sinek\Desktop\maxi-trouvaille\business-maxi-trouvailles\rapatriement-jarvis-20260609-181603\current-couches-snapshot\sauvegardes\couche_002_partenaires_aliexpress_20260527_115543\src\components\HeroCarousel.tsx","1907","02/05/2026 04:23:31"
"C:\Users\sinek\Desktop\maxi-trouvaille\business-maxi-trouvailles\sauvegardes\couche_002_partenaires_aliexpress_20260527_115543\src\components\ProductCard.tsx","C:\Users\sinek\Desktop\maxi-trouvaille\business-maxi-trouvailles\rapatriement-jarvis-20260609-181603\current-couches-snapshot\sauvegardes\couche_002_partenaires_aliexpress_20260527_115543\src\components\ProductCard.tsx","6132","12/05/2026 14:38:59"
"C:\Users\sinek\Desktop\maxi-trouvaille\business-maxi-trouvailles\sauvegardes\couche_002_partenaires_aliexpress_20260527_115543\src\components\QuickProductImportForm.tsx","C:\Users\sinek\Desktop\maxi-trouvaille\business-maxi-trouvailles\rapatriement-jarvis-20260609-181603\current-couches-snapshot\sauvegardes\couche_002_partenaires_aliexpress_20260527_115543\src\components\QuickProductImportForm.tsx","30548","05/05/2026 09:30:17"
"C:\Users\sinek\Desktop\maxi-trouvaille\business-maxi-trouvailles\sauvegardes\couche_002_partenaires_aliexpress_20260527_115543\src\lib\catalog-server.ts","C:\Users\sinek\Desktop\maxi-trouvaille\business-maxi-trouvailles\rapatriement-jarvis-20260609-181603\current-couches-snapshot\sauvegardes\couche_002_partenaires_aliexpress_20260527_115543\src\lib\catalog-server.ts","2771","03/05/2026 15:40:36"
"C:\Users\sinek\Desktop\maxi-trouvaille\business-maxi-trouvailles\sauvegardes\couche_002_partenaires_aliexpress_20260527_115543\src\lib\catalog.ts","C:\Users\sinek\Desktop\maxi-trouvaille\business-maxi-trouvailles\rapatriement-jarvis-20260609-181603\current-couches-snapshot\sauvegardes\couche_002_partenaires_aliexpress_20260527_115543\src\lib\catalog.ts","32787","12/05/2026 16:38:35"
"C:\Users\sinek\Desktop\maxi-trouvaille\business-maxi-trouvailles\sauvegardes\couche_002_partenaires_aliexpress_20260527_115543\src\lib\legal.ts","C:\Users\sinek\Desktop\maxi-trouvaille\business-maxi-trouvailles\rapatriement-jarvis-20260609-181603\current-couches-snapshot\sauvegardes\couche_002_partenaires_aliexpress_20260527_115543\src\lib\legal.ts","5727","12/05/2026 15:01:36"
"C:\Users\sinek\Desktop\maxi-trouvaille\business-maxi-trouvailles\sauvegardes\couche_003_urls_partenaires_20260527_121926\src\app\boutique\page.tsx","C:\Users\sinek\Desktop\maxi-trouvaille\business-maxi-trouvailles\rapatriement-jarvis-20260609-181603\current-couches-snapshot\sauvegardes\couche_003_urls_partenaires_20260527_121926\src\app\boutique\page.tsx","2972","27/05/2026 11:58:57"
"C:\Users\sinek\Desktop\maxi-trouvaille\business-maxi-trouvailles\sauvegardes\couche_003_urls_partenaires_20260527_121926\src\app\conditions-dropshipping\page.tsx","C:\Users\sinek\Desktop\maxi-trouvaille\business-maxi-trouvailles\rapatriement-jarvis-20260609-181603\current-couches-snapshot\sauvegardes\couche_003_urls_partenaires_20260527_121926\src\app\conditions-dropshipping\page.tsx","2019","27/05/2026 12:01:43"
"C:\Users\sinek\Desktop\maxi-trouvaille\business-maxi-trouvailles\sauvegardes\couche_003_urls_partenaires_20260527_121926\src\app\dropshipping\page.tsx","C:\Users\sinek\Desktop\maxi-trouvaille\business-maxi-trouvailles\rapatriement-jarvis-20260609-181603\current-couches-snapshot\sauvegardes\couche_003_urls_partenaires_20260527_121926\src\app\dropshipping\page.tsx","5729","27/05/2026 11:59:10"
"C:\Users\sinek\Desktop\maxi-trouvaille\business-maxi-trouvailles\sauvegardes\couche_003_urls_partenaires_20260527_121926\src\app\page.tsx","C:\Users\sinek\Desktop\maxi-trouvaille\business-maxi-trouvailles\rapatriement-jarvis-20260609-181603\current-couches-snapshot\sauvegardes\couche_003_urls_partenaires_20260527_121926\src\app\page.tsx","4663","27/05/2026 11:58:34"
"C:\Users\sinek\Desktop\maxi-trouvaille\business-maxi-trouvailles\sauvegardes\couche_003_urls_partenaires_20260527_121926\src\app\sitemap.ts","C:\Users\sinek\Desktop\maxi-trouvaille\business-maxi-trouvailles\rapatriement-jarvis-20260609-181603\current-couches-snapshot\sauvegardes\couche_003_urls_partenaires_20260527_121926\src\app\sitemap.ts","1150","27/05/2026 11:59:59"
"C:\Users\sinek\Desktop\maxi-trouvaille\business-maxi-trouvailles\sauvegardes\couche_003_urls_partenaires_20260527_121926\src\components\Footer.tsx","C:\Users\sinek\Desktop\maxi-trouvaille\business-maxi-trouvailles\rapatriement-jarvis-20260609-181603\current-couches-snapshot\sauvegardes\couche_003_urls_partenaires_20260527_121926\src\components\Footer.tsx","2793","27/05/2026 11:58:08"
"C:\Users\sinek\Desktop\maxi-trouvaille\business-maxi-trouvailles\sauvegardes\couche_003_urls_partenaires_20260527_121926\src\components\Header.tsx","C:\Users\sinek\Desktop\maxi-trouvaille\business-maxi-trouvailles\rapatriement-jarvis-20260609-181603\current-couches-snapshot\sauvegardes\couche_003_urls_partenaires_20260527_121926\src\components\Header.tsx","4001","27/05/2026 11:57:55"
"C:\Users\sinek\Desktop\maxi-trouvaille\business-maxi-trouvailles\sauvegardes\couche_003_urls_partenaires_20260527_121926\src\lib\catalog.ts","C:\Users\sinek\Desktop\maxi-trouvaille\business-maxi-trouvailles\rapatriement-jarvis-20260609-181603\current-couches-snapshot\sauvegardes\couche_003_urls_partenaires_20260527_121926\src\lib\catalog.ts","33339","27/05/2026 11:56:55"
"C:\Users\sinek\Desktop\maxi-trouvaille\business-maxi-trouvailles\sauvegardes\couche_004_vitrine_categories_20260527_223742\src\app\boutique\page.tsx","C:\Users\sinek\Desktop\maxi-trouvaille\business-maxi-trouvailles\rapatriement-jarvis-20260609-181603\current-couches-snapshot\sauvegardes\couche_004_vitrine_categories_20260527_223742\src\app\boutique\page.tsx","2972","27/05/2026 11:58:57"
"C:\Users\sinek\Desktop\maxi-trouvaille\business-maxi-trouvailles\sauvegardes\couche_004_vitrine_categories_20260527_223742\src\app\categories\page.tsx","C:\Users\sinek\Desktop\maxi-trouvaille\business-maxi-trouvailles\rapatriement-jarvis-20260609-181603\current-couches-snapshot\sauvegardes\couche_004_vitrine_categories_20260527_223742\src\app\categories\page.tsx","692","27/05/2026 11:58:41"
"C:\Users\sinek\Desktop\maxi-trouvaille\business-maxi-trouvailles\sauvegardes\couche_004_vitrine_categories_20260527_223742\src\app\page.tsx","C:\Users\sinek\Desktop\maxi-trouvaille\business-maxi-trouvailles\rapatriement-jarvis-20260609-181603\current-couches-snapshot\sauvegardes\couche_004_vitrine_categories_20260527_223742\src\app\page.tsx","4679","27/05/2026 12:23:21"
"C:\Users\sinek\Desktop\maxi-trouvaille\business-maxi-trouvailles\sauvegardes\couche_004_vitrine_categories_20260527_223742\src\app\produits-partenaires\page.tsx","C:\Users\sinek\Desktop\maxi-trouvaille\business-maxi-trouvailles\rapatriement-jarvis-20260609-181603\current-couches-snapshot\sauvegardes\couche_004_vitrine_categories_20260527_223742\src\app\produits-partenaires\page.tsx","5732","27/05/2026 12:20:44"
"C:\Users\sinek\Desktop\maxi-trouvaille\business-maxi-trouvailles\sauvegardes\couche_004_vitrine_categories_20260527_223742\src\components\CategoryGrid.tsx","C:\Users\sinek\Desktop\maxi-trouvaille\business-maxi-trouvailles\rapatriement-jarvis-20260609-181603\current-couches-snapshot\sauvegardes\couche_004_vitrine_categories_20260527_223742\src\components\CategoryGrid.tsx","8544","27/05/2026 11:57:30"
"C:\Users\sinek\Desktop\maxi-trouvaille\business-maxi-trouvailles\sauvegardes\couche_004_vitrine_categories_20260527_223742\src\lib\catalog.ts","C:\Users\sinek\Desktop\maxi-trouvaille\business-maxi-trouvailles\rapatriement-jarvis-20260609-181603\current-couches-snapshot\sauvegardes\couche_004_vitrine_categories_20260527_223742\src\lib\catalog.ts","33336","27/05/2026 12:19:51"
"C:\Users\sinek\Desktop\maxi-trouvaille\business-maxi-trouvailles\sauvegardes\couche_005_ponts_catalogue_20260527_224819\src\lib\catalog-server.ts","C:\Users\sinek\Desktop\maxi-trouvaille\business-maxi-trouvailles\rapatriement-jarvis-20260609-181603\current-couches-snapshot\sauvegardes\couche_005_ponts_catalogue_20260527_224819\src\lib\catalog-server.ts","4032","27/05/2026 12:15:09"
"C:\Users\sinek\Desktop\maxi-trouvaille\business-maxi-trouvailles\sauvegardes\couche_005_ponts_catalogue_20260527_224819\src\lib\catalog.ts","C:\Users\sinek\Desktop\maxi-trouvaille\business-maxi-trouvailles\rapatriement-jarvis-20260609-181603\current-couches-snapshot\sauvegardes\couche_005_ponts_catalogue_20260527_224819\src\lib\catalog.ts","33551","27/05/2026 22:37:54"
"C:\Users\sinek\Desktop\maxi-trouvaille\business-maxi-trouvailles\sauvegardes\couche_006_selection_produits_20260527_225438\business-maxi-trouvailles\scripts\business_pipeline.mjs","C:\Users\sinek\Desktop\maxi-trouvaille\business-maxi-trouvailles\rapatriement-jarvis-20260609-181603\current-couches-snapshot\sauvegardes\couche_006_selection_produits_20260527_225438\business-maxi-trouvailles\scripts\business_pipeline.mjs","21449","22/05/2026 13:57:32"
"C:\Users\sinek\Desktop\maxi-trouvaille\business-maxi-trouvailles\sauvegardes\couche_007_admin_selection_20260527_225629\src\app\admin\dropshipping\page.tsx","C:\Users\sinek\Desktop\maxi-trouvaille\business-maxi-trouvailles\rapatriement-jarvis-20260609-181603\current-couches-snapshot\sauvegardes\couche_007_admin_selection_20260527_225629\src\app\admin\dropshipping\page.tsx","1836","27/05/2026 12:02:39"
"C:\Users\sinek\Desktop\maxi-trouvaille\business-maxi-trouvailles\sauvegardes\couche_008_nettoyage_public_20260527_230922\src\app\api\checkout\route.ts","C:\Users\sinek\Desktop\maxi-trouvaille\business-maxi-trouvailles\rapatriement-jarvis-20260609-181603\current-couches-snapshot\sauvegardes\couche_008_nettoyage_public_20260527_230922\src\app\api\checkout\route.ts","8098","27/05/2026 12:09:38"
"C:\Users\sinek\Desktop\maxi-trouvaille\business-maxi-trouvailles\sauvegardes\couche_008_nettoyage_public_20260527_230922\src\app\faq\page.tsx","C:\Users\sinek\Desktop\maxi-trouvaille\business-maxi-trouvailles\rapatriement-jarvis-20260609-181603\current-couches-snapshot\sauvegardes\couche_008_nettoyage_public_20260527_230922\src\app\faq\page.tsx","2090","27/05/2026 12:01:10"
"C:\Users\sinek\Desktop\maxi-trouvaille\business-maxi-trouvailles\sauvegardes\couche_008_nettoyage_public_20260527_230922\src\app\paiement\annule\page.tsx","C:\Users\sinek\Desktop\maxi-trouvaille\business-maxi-trouvailles\rapatriement-jarvis-20260609-181603\current-couches-snapshot\sauvegardes\couche_008_nettoyage_public_20260527_230922\src\app\paiement\annule\page.tsx","1002","01/05/2026 15:58:41"
"C:\Users\sinek\Desktop\maxi-trouvaille\business-maxi-trouvailles\sauvegardes\couche_008_nettoyage_public_20260527_230922\src\app\paiement\succes\page.tsx","C:\Users\sinek\Desktop\maxi-trouvaille\business-maxi-trouvailles\rapatriement-jarvis-20260609-181603\current-couches-snapshot\sauvegardes\couche_008_nettoyage_public_20260527_230922\src\app\paiement\succes\page.tsx","569","02/05/2026 03:38:09"
"C:\Users\sinek\Desktop\maxi-trouvaille\business-maxi-trouvailles\sauvegardes\couche_008_nettoyage_public_20260527_230922\src\app\panier\page.tsx","C:\Users\sinek\Desktop\maxi-trouvaille\business-maxi-trouvailles\rapatriement-jarvis-20260609-181603\current-couches-snapshot\sauvegardes\couche_008_nettoyage_public_20260527_230922\src\app\panier\page.tsx","468","01/05/2026 15:55:15"
"C:\Users\sinek\Desktop\maxi-trouvaille\business-maxi-trouvailles\sauvegardes\couche_008_nettoyage_public_20260527_230922\src\components\CartView.tsx","C:\Users\sinek\Desktop\maxi-trouvaille\business-maxi-trouvailles\rapatriement-jarvis-20260609-181603\current-couches-snapshot\sauvegardes\couche_008_nettoyage_public_20260527_230922\src\components\CartView.tsx","9897","12/05/2026 14:41:51"
"C:\Users\sinek\Desktop\maxi-trouvaille\business-maxi-trouvailles\sauvegardes\couche_008_nettoyage_public_20260527_230922\src\components\CheckoutView.tsx","C:\Users\sinek\Desktop\maxi-trouvaille\business-maxi-trouvailles\rapatriement-jarvis-20260609-181603\current-couches-snapshot\sauvegardes\couche_008_nettoyage_public_20260527_230922\src\components\CheckoutView.tsx","6654","12/05/2026 15:06:19"
"C:\Users\sinek\Desktop\maxi-trouvaille\business-maxi-trouvailles\sauvegardes\couche_008_nettoyage_public_20260527_230922\src\components\OrderSuccess.tsx","C:\Users\sinek\Desktop\maxi-trouvaille\business-maxi-trouvailles\rapatriement-jarvis-20260609-181603\current-couches-snapshot\sauvegardes\couche_008_nettoyage_public_20260527_230922\src\components\OrderSuccess.tsx","3307","02/05/2026 03:38:27"
"C:\Users\sinek\Desktop\maxi-trouvaille\business-maxi-trouvailles\sauvegardes\couche_008_nettoyage_public_20260527_230922\src\components\TrustBar.tsx","C:\Users\sinek\Desktop\maxi-trouvaille\business-maxi-trouvailles\rapatriement-jarvis-20260609-181603\current-couches-snapshot\sauvegardes\couche_008_nettoyage_public_20260527_230922\src\components\TrustBar.tsx","1393","01/05/2026 15:52:00"
"C:\Users\sinek\Desktop\maxi-trouvaille\business-maxi-trouvailles\sauvegardes\couche_008_nettoyage_public_20260527_230922\src\lib\catalog.ts","C:\Users\sinek\Desktop\maxi-trouvaille\business-maxi-trouvailles\rapatriement-jarvis-20260609-181603\current-couches-snapshot\sauvegardes\couche_008_nettoyage_public_20260527_230922\src\lib\catalog.ts","34941","27/05/2026 22:48:39"
"C:\Users\sinek\Desktop\maxi-trouvaille\business-maxi-trouvailles\sauvegardes\couche_008_nettoyage_public_20260527_230922\src\lib\legal.ts","C:\Users\sinek\Desktop\maxi-trouvaille\business-maxi-trouvailles\rapatriement-jarvis-20260609-181603\current-couches-snapshot\sauvegardes\couche_008_nettoyage_public_20260527_230922\src\lib\legal.ts","5361","27/05/2026 12:02:29"
"C:\Users\sinek\Desktop\maxi-trouvaille\business-maxi-trouvailles\sauvegardes\couche_009_accueil_produits_20260527_231431\src\app\page.tsx","C:\Users\sinek\Desktop\maxi-trouvaille\business-maxi-trouvailles\rapatriement-jarvis-20260609-181603\current-couches-snapshot\sauvegardes\couche_009_accueil_produits_20260527_231431\src\app\page.tsx","4657","27/05/2026 22:38:14"
"C:\Users\sinek\Desktop\maxi-trouvaille\business-maxi-trouvailles\sauvegardes\couche_010_boutique_filtres_20260527_232118\page.tsx","C:\Users\sinek\Desktop\maxi-trouvaille\business-maxi-trouvailles\rapatriement-jarvis-20260609-181603\current-couches-snapshot\sauvegardes\couche_010_boutique_filtres_20260527_232118\page.tsx","2989","27/05/2026 22:38:14"
"C:\Users\sinek\Desktop\maxi-trouvaille\business-maxi-trouvailles\sauvegardes\couche_011_routes_publiques_20260527_232745\categories-slug-page.tsx","C:\Users\sinek\Desktop\maxi-trouvaille\business-maxi-trouvailles\rapatriement-jarvis-20260609-181603\current-couches-snapshot\sauvegardes\couche_011_routes_publiques_20260527_232745\categories-slug-page.tsx","4746","27/05/2026 12:24:27"
"C:\Users\sinek\Desktop\maxi-trouvaille\business-maxi-trouvailles\sauvegardes\couche_012_flux_validation_partenaires_20260527_233253\admin-dropshipping-page.tsx","C:\Users\sinek\Desktop\maxi-trouvaille\business-maxi-trouvailles\rapatriement-jarvis-20260609-181603\current-couches-snapshot\sauvegardes\couche_012_flux_validation_partenaires_20260527_233253\admin-dropshipping-page.tsx","2222","27/05/2026 22:57:17"
"C:\Users\sinek\Desktop\maxi-trouvaille\business-maxi-trouvailles\sauvegardes\couche_012_flux_validation_partenaires_20260527_233253\admin-selection-produits-page.tsx","C:\Users\sinek\Desktop\maxi-trouvaille\business-maxi-trouvailles\rapatriement-jarvis-20260609-181603\current-couches-snapshot\sauvegardes\couche_012_flux_validation_partenaires_20260527_233253\admin-selection-produits-page.tsx","7745","27/05/2026 22:57:17"
"C:\Users\sinek\Desktop\maxi-trouvaille\business-maxi-trouvailles\sauvegardes\couche_012_flux_validation_partenaires_20260527_233253\DropshippingAdminPanel.tsx","C:\Users\sinek\Desktop\maxi-trouvaille\business-maxi-trouvailles\rapatriement-jarvis-20260609-181603\current-couches-snapshot\sauvegardes\couche_012_flux_validation_partenaires_20260527_233253\DropshippingAdminPanel.tsx","22228","27/05/2026 12:02:49"
"C:\Users\sinek\Desktop\maxi-trouvaille\business-maxi-trouvailles\sauvegardes\couche_013_validation_import_20260528_093747\admin-dropshipping-import-route.ts","C:\Users\sinek\Desktop\maxi-trouvaille\business-maxi-trouvailles\rapatriement-jarvis-20260609-181603\current-couches-snapshot\sauvegardes\couche_013_validation_import_20260528_093747\admin-dropshipping-import-route.ts","5363","27/05/2026 12:03:31"
"C:\Users\sinek\Desktop\maxi-trouvaille\business-maxi-trouvailles\sauvegardes\couche_013_validation_import_20260528_093747\admin-dropshipping-page.tsx","C:\Users\sinek\Desktop\maxi-trouvaille\business-maxi-trouvailles\rapatriement-jarvis-20260609-181603\current-couches-snapshot\sauvegardes\couche_013_validation_import_20260528_093747\admin-dropshipping-page.tsx","3179","27/05/2026 23:33:20"
"C:\Users\sinek\Desktop\maxi-trouvaille\business-maxi-trouvailles\sauvegardes\couche_013_validation_import_20260528_093747\admin-selection-produits-page.tsx","C:\Users\sinek\Desktop\maxi-trouvaille\business-maxi-trouvailles\rapatriement-jarvis-20260609-181603\current-couches-snapshot\sauvegardes\couche_013_validation_import_20260528_093747\admin-selection-produits-page.tsx","9402","27/05/2026 23:34:11"
"C:\Users\sinek\Desktop\maxi-trouvaille\business-maxi-trouvailles\sauvegardes\couche_013_validation_import_20260528_093747\catalog.ts","C:\Users\sinek\Desktop\maxi-trouvaille\business-maxi-trouvailles\rapatriement-jarvis-20260609-181603\current-couches-snapshot\sauvegardes\couche_013_validation_import_20260528_093747\catalog.ts","34971","27/05/2026 23:10:01"
"C:\Users\sinek\Desktop\maxi-trouvaille\business-maxi-trouvailles\sauvegardes\couche_013_validation_import_20260528_093747\DropshippingAdminPanel.tsx","C:\Users\sinek\Desktop\maxi-trouvaille\business-maxi-trouvailles\rapatriement-jarvis-20260609-181603\current-couches-snapshot\sauvegardes\couche_013_validation_import_20260528_093747\DropshippingAdminPanel.tsx","22963","27/05/2026 23:33:47"
"C:\Users\sinek\Desktop\maxi-trouvaille\business-maxi-trouvailles\sauvegardes\frontend_categories_images_20260527_114127\CategoryGrid.tsx","C:\Users\sinek\Desktop\maxi-trouvaille\business-maxi-trouvailles\rapatriement-jarvis-20260609-181603\current-couches-snapshot\sauvegardes\frontend_categories_images_20260527_114127\CategoryGrid.tsx","4775","12/05/2026 16:42:39"
"C:\Users\sinek\Desktop\maxi-trouvaille\business-maxi-trouvailles\sauvegardes\frontend_categories_images_20260527_114127\package.json","C:\Users\sinek\Desktop\maxi-trouvaille\business-maxi-trouvailles\rapatriement-jarvis-20260609-181603\current-couches-snapshot\sauvegardes\frontend_categories_images_20260527_114127\package.json","1181","27/05/2026 11:33:58"
"C:\Users\sinek\Desktop\maxi-trouvaille\scripts\automation\apply_partner_margin_target.mjs","C:\Users\sinek\Desktop\maxi-trouvaille\business-maxi-trouvailles\rapatriement-jarvis-20260609-181603\current-couches-snapshot\scripts\automation\apply_partner_margin_target.mjs","5539","05/06/2026 20:43:46"
"C:\Users\sinek\Desktop\maxi-trouvaille\scripts\automation\audit_partner_catalog_images.mjs","C:\Users\sinek\Desktop\maxi-trouvaille\business-maxi-trouvailles\rapatriement-jarvis-20260609-181603\current-couches-snapshot\scripts\automation\audit_partner_catalog_images.mjs","2158","05/06/2026 07:10:42"
"C:\Users\sinek\Desktop\maxi-trouvaille\scripts\automation\audit_partner_catalog_resume.mjs","C:\Users\sinek\Desktop\maxi-trouvaille\business-maxi-trouvailles\rapatriement-jarvis-20260609-181603\current-couches-snapshot\scripts\automation\audit_partner_catalog_resume.mjs","956","05/06/2026 07:58:27"
"C:\Users\sinek\Desktop\maxi-trouvaille\scripts\automation\audit_partner_publication_gates.mjs","C:\Users\sinek\Desktop\maxi-trouvaille\business-maxi-trouvailles\rapatriement-jarvis-20260609-181603\current-couches-snapshot\scripts\automation\audit_partner_publication_gates.mjs","3018","05/06/2026 07:57:01"
"C:\Users\sinek\Desktop\maxi-trouvaille\scripts\automation\enrich_quick_product_seo.mjs","C:\Users\sinek\Desktop\maxi-trouvaille\business-maxi-trouvailles\rapatriement-jarvis-20260609-181603\current-couches-snapshot\scripts\automation\enrich_quick_product_seo.mjs","4160","05/06/2026 20:46:23"
"C:\Users\sinek\Desktop\maxi-trouvaille\scripts\automation\generate_maxi_partner_candidates.mjs","C:\Users\sinek\Desktop\maxi-trouvaille\business-maxi-trouvailles\rapatriement-jarvis-20260609-181603\current-couches-snapshot\scripts\automation\generate_maxi_partner_candidates.mjs","9582","27/05/2026 22:55:31"
"C:\Users\sinek\Desktop\maxi-trouvaille\scripts\automation\import_aliexpress_partner_products.mjs","C:\Users\sinek\Desktop\maxi-trouvaille\business-maxi-trouvailles\rapatriement-jarvis-20260609-181603\current-couches-snapshot\scripts\automation\import_aliexpress_partner_products.mjs","20523","05/06/2026 03:37:31"
"C:\Users\sinek\Desktop\maxi-trouvaille\scripts\automation\maxi_tiktok_factory_sandbox.py","C:\Users\sinek\Desktop\maxi-trouvaille\business-maxi-trouvailles\rapatriement-jarvis-20260609-181603\current-couches-snapshot\scripts\automation\maxi_tiktok_factory_sandbox.py","20115","06/05/2026 06:03:55"
"C:\Users\sinek\Desktop\maxi-trouvaille\scripts\automation\prepare_partner_source_checklist.mjs","C:\Users\sinek\Desktop\maxi-trouvaille\business-maxi-trouvailles\rapatriement-jarvis-20260609-181603\current-couches-snapshot\scripts\automation\prepare_partner_source_checklist.mjs","11172","09/06/2026 07:33:44"
"C:\Users\sinek\Desktop\maxi-trouvaille\scripts\automation\publish_latest_tiktok_sandbox.js","C:\Users\sinek\Desktop\maxi-trouvaille\business-maxi-trouvailles\rapatriement-jarvis-20260609-181603\current-couches-snapshot\scripts\automation\publish_latest_tiktok_sandbox.js","6630","06/05/2026 05:59:29"
"C:\Users\sinek\Desktop\maxi-trouvaille\scripts\automation\score_partner_drafts.mjs","C:\Users\sinek\Desktop\maxi-trouvaille\business-maxi-trouvailles\rapatriement-jarvis-20260609-181603\current-couches-snapshot\scripts\automation\score_partner_drafts.mjs","11436","06/06/2026 01:10:05"
"C:\Users\sinek\Desktop\maxi-trouvaille\scripts\automation\summarize_partner_catalog.mjs","C:\Users\sinek\Desktop\maxi-trouvaille\business-maxi-trouvailles\rapatriement-jarvis-20260609-181603\current-couches-snapshot\scripts\automation\summarize_partner_catalog.mjs","2157","05/06/2026 08:02:13"
"C:\Users\sinek\Desktop\maxi-trouvaille\scripts\automation\summarize_partner_verification_queue.mjs","C:\Users\sinek\Desktop\maxi-trouvaille\business-maxi-trouvailles\rapatriement-jarvis-20260609-181603\current-couches-snapshot\scripts\automation\summarize_partner_verification_queue.mjs","11373","06/06/2026 01:10:42"
